,B73,B97,CML103,CML228,CML247,CML277,CML322,CML333,CML52,CML69,HP301,Il14H,Ki11,KI3,Ky21,M162W,M37W,Ms71,NC350,Oh43,Oh7B,P39,Tx303,Tzi8
0,T,G,G,N,N,T,T,T,N,A,A,T,N,T,G,G,A,T,T,G,A,A,T,A
1,A,G,G,T,A,A,C,C,T,A,A,A,A,A,C,A,C,G,T,C,G,A,A,T
2,T,A,A,A,T,G,T,A,A,G,T,A,G,C,G,T,C,A,G,G,G,A,T,C
3,G,C,T,T,T,C,A,C,T,G,C,T,T,T,A,A,T,G,G,A,C,C,T,T
4,T,T,C,A,C,C,A,C,G,T,A,G,C,C,T,A,A,T,A,G,G,A,C,G
5,T,C,A,G,T,G,C,T,T,T,C,A,A,T,C,C,A,C,A,G,T,G,G,A
6,G,G,T,A,G,C,T,G,G,C,A,G,C,G,C,C,G,T,A,A,T,C,T,G
7,A,G,T,A,G,C,C,G,A,T,G,A,A,A,G,C,T,C,G,C,A,C,T,T
8,G,T,G,G,G,T,G,T,C,G,A,T,C,C,T,G,G,A,C,A,T,C,T,A
9,T,A,A,A,C,A,A,A,T,G,G,A,A,A,T,T,A,G,A,A,C,C,T,G
10,T,C,G,G,T,G,T,C,C,C,A,C,C,G,T,G,A,T,A,A,T,T,G,A
11,T,T,T,T,T,T,T,T,A,T,T,A,T,A,G,A,T,T,C,G,T,A,A,A
12,G,G,C,G,G,T,C,T,A,T,A,A,T,T,G,T,G,G,A,A,C,C,G,T
13,G,A,T,T,C,T,C,G,G,G,C,G,G,A,C,T,T,A,T,G,C,T,C,A
14,C,A,G,C,A,C,A,A,T,G,A,T,G,G,T,T,T,G,T,T,C,A,A,T
15,G,A,A,A,T,T,A,T,T,A,A,A,C,T,C,G,T,T,C,T,C,C,G,G
16,G,T,T,T,C,G,C,T,G,T,A,G,T,G,C,T,C,G,A,C,C,G,A,A
17,C,G,C,A,A,T,A,A,A,T,A,A,A,A,G,G,G,T,C,C,C,A,T,C
18,G,C,C,T,C,T,C,T,A,A,C,C,A,C,G,C,T,G,A,A,C,C,G,G
19,A,G,T,G,C,G,C,C,T,G,T,T,A,G,A,A,G,T,A,T,T,G,G,A
20,T,G,A,T,T,G,A,T,A,C,A,T,C,G,A,T,A,A,A,C,G,A,A,A
21,T,T,G,T,T,T,C,T,T,G,T,G,C,A,C,T,T,T,T,G,G,A,T,G
22,T,G,A,G,A,G,C,T,G,A,C,T,G,T,A,T,A,C,G,G,G,A,T,G
23,T,T,T,A,T,G,C,T,A,T,A,G,G,C,A,A,G,G,A,T,G,A,A,T
24,C,C,G,A,A,T,A,A,A,T,G,A,C,C,A,G,G,G,A,C,G,T,C,T
25,G,C,T,T,A,C,G,C,C,A,C,C,T,T,T,T,C,G,T,C,A,A,C,G
26,C,T,T,A,C,G,C,A,C,G,G,G,G,G,A,G,T,T,T,T,C,T,A,G
27,A,T,C,G,A,T,C,A,T,G,G,A,G,T,G,T,C,G,A,G,A,G,A,C
28,C,C,C,C,C,T,C,C,C,G,A,G,T,G,G,T,C,T,T,G,G,C,C,G
29,G,A,C,A,A,T,G,T,A,A,C,C,A,T,A,T,T,C,C,A,C,T,A,A
30,A,T,A,T,T,A,A,A,G,T,T,G,A,C,G,T,C,T,G,T,C,C,T,C
31,C,G,C,T,A,A,T,G,T,A,A,T,G,C,T,G,A,A,C,T,T,T,T,C
32,G,T,G,T,G,A,C,G,A,G,G,C,C,A,A,G,T,G,A,A,A,T,C,G
33,C,A,C,G,C,A,A,C,A,T,T,C,C,A,T,A,T,T,A,G,G,T,G,T
34,C,A,A,T,A,T,C,A,G,T,A,A,G,T,A,C,C,C,A,T,G,A,A,A
35,A,T,A,A,C,C,A,C,G,G,A,C,A,A,A,T,T,G,G,T,T,C,T,G
36,T,T,C,G,A,A,C,T,C,G,A,C,C,A,A,A,G,A,C,C,G,A,A,T
37,T,A,C,G,T,A,A,G,G,G,A,G,G,A,T,T,A,G,C,A,T,G,T,A
38,T,A,T,A,A,C,G,A,T,A,A,C,T,T,A,A,G,G,A,A,C,G,A,T
39,G,T,C,T,T,A,C,C,G,T,G,T,A,C,A,A,C,G,A,A,C,C,T,G
40,T,T,A,C,T,T,T,T,T,C,T,A,A,G,C,A,A,T,G,G,A,A,G,A
41,T,A,C,G,T,G,T,T,T,G,A,A,T,C,C,A,C,T,T,T,A,C,T,G
42,A,C,T,T,G,T,A,G,A,A,G,G,C,G,T,C,T,G,C,G,C,C,G,C
43,C,C,G,T,C,C,A,A,C,T,T,C,T,T,C,T,C,A,C,T,T,G,A,A
44,A,A,T,A,G,G,A,G,C,G,T,G,A,C,G,G,A,G,A,A,G,T,A,C
45,T,G,A,T,A,G,A,C,A,G,T,A,A,A,T,T,T,C,T,A,T,C,A,T
46,T,C,T,T,C,A,C,G,T,C,T,G,A,T,G,A,G,A,C,T,G,G,T,A
47,C,A,G,A,T,G,A,A,G,A,A,T,T,G,C,G,T,G,A,T,A,T,A,C
48,T,C,G,T,G,A,A,A,G,G,G,A,A,C,T,G,T,T,T,C,T,C,T,G
49,T,T,T,G,A,A,A,C,T,A,T,A,A,G,C,T,T,C,C,T,T,G,T,A
50,A,G,C,T,C,T,C,G,G,A,A,T,G,T,G,G,T,T,C,A,G,A,G,A
51,G,T,G,C,A,G,A,C,G,G,G,A,C,C,T,C,G,A,C,T,T,T,G,A
52,G,T,T,C,G,C,C,C,C,T,A,C,T,T,G,T,C,T,C,A,C,A,T,T
53,T,G,A,A,C,C,T,C,A,A,C,C,T,T,T,A,C,C,A,G,G,C,G,C
54,C,C,C,C,T,A,C,C,T,C,A,C,T,C,T,A,A,A,A,C,A,A,A,T
55,A,T,C,G,G,T,T,G,G,A,T,A,A,C,C,G,T,A,G,G,G,C,T,T
56,A,A,C,G,C,A,G,T,A,A,T,A,A,G,A,A,C,T,A,A,C,C,A,C
57,A,A,G,C,G,C,A,C,A,C,C,G,C,A,C,G,T,A,T,A,G,A,G,T
58,C,G,G,G,T,A,A,G,C,C,T,C,T,T,G,A,C,C,G,C,A,C,T,A
59,T,G,T,C,A,C,C,C,T,T,C,T,A,T,G,T,A,T,T,C,C,C,A,T
60,G,G,G,G,C,T,A,A,C,C,T,A,T,C,A,G,T,C,A,A,T,A,G,C
61,C,G,T,C,A,A,A,T,T,A,C,A,C,C,A,T,A,A,G,G,A,G,A,G
62,T,C,C,T,A,G,T,T,T,A,G,A,T,G,C,G,G,A,C,T,T,A,A,T
63,C,A,T,C,T,C,C,A,T,T,A,G,G,T,A,C,G,A,C,C,T,C,C,C
64,C,T,A,A,T,C,C,C,T,C,T,T,C,A,C,G,A,A,G,G,T,C,C,A
65,A,G,G,A,T,A,C,G,C,A,C,T,G,A,G,A,A,G,A,A,C,G,T,G
66,G,C,G,T,G,T,G,T,G,C,C,T,G,C,T,T,A,A,A,T,T,A,C,T
67,A,T,T,A,C,C,G,G,G,A,T,G,C,C,C,T,T,C,C,T,T,C,A,T
68,C,T,G,G,C,A,T,A,A,T,C,A,G,T,T,A,T,T,G,C,A,A,C,C
69,G,G,C,G,G,C,T,A,T,C,C,C,T,T,C,C,A,A,T,A,G,G,T,T
70,T,G,T,C,C,C,T,A,T,C,T,T,T,G,G,T,A,T,A,A,C,C,A,G
71,T,G,C,G,G,G,A,A,C,C,A,C,A,G,T,G,G,T,T,T,G,A,C,C
72,G,T,A,C,C,A,A,T,C,G,G,A,C,G,A,A,G,A,G,A,C,A,T,G
73,A,A,C,T,G,A,T,T,A,T,G,A,A,T,T,C,T,C,T,C,A,T,A,C
74,G,C,C,G,A,G,A,C,A,G,G,C,A,A,T,C,T,T,A,T,C,A,A,T
75,T,G,G,C,C,G,G,T,G,C,T,T,G,C,A,G,T,C,T,G,C,T,T,G
76,C,T,C,G,T,C,G,T,T,T,C,C,T,A,G,T,G,G,G,T,T,G,A,C
77,C,C,A,C,T,A,G,T,A,C,G,A,C,G,T,A,G,A,C,A,G,A,T,C
78,A,T,T,T,C,C,T,C,A,C,A,A,T,A,C,C,G,G,T,G,C,T,T,A
79,T,C,A,A,A,A,T,T,G,G,G,A,T,T,A,G,G,G,C,C,G,C,A,T
80,A,T,G,C,A,G,T,A,C,G,G,C,C,T,G,T,T,T,T,G,A,T,T,C
81,A,A,C,T,C,T,C,T,C,A,G,T,T,G,T,A,A,A,C,G,A,C,G,C
82,G,T,C,A,T,T,A,T,C,A,C,C,G,T,G,T,T,A,C,T,A,A,T,T
83,G,T,C,C,C,T,A,G,C,T,T,A,A,T,T,A,A,G,T,C,C,A,G,C
84,C,C,T,A,A,T,T,G,G,T,A,T,A,T,G,G,A,A,T,C,G,G,A,A
85,C,C,C,C,C,C,G,C,T,C,T,C,A,G,C,A,C,G,G,A,A,G,G,T
86,G,G,T,A,C,G,G,A,G,T,T,T,G,A,G,A,A,A,T,G,C,G,G,A
87,A,C,G,T,T,A,A,C,C,G,G,C,T,A,A,A,T,G,A,C,C,G,C,G
88,T,C,G,C,T,G,A,A,G,G,G,C,T,T,A,T,C,G,A,A,G,A,C,C
89,T,A,G,A,A,G,C,A,T,T,C,T,C,C,T,A,G,A,A,G,C,A,A,G
90,G,G,T,A,T,T,G,A,G,C,T,A,A,A,G,A,C,C,A,C,A,C,T,A
91,A,G,G,G,A,C,C,C,C,A,G,C,T,C,T,T,T,T,A,C,T,C,G,A
92,G,G,T,C,A,C,G,G,A,A,C,A,A,T,C,A,A,C,C,G,A,G,G,T
93,A,T,T,G,A,C,A,A,C,G,G,T,T,G,G,G,C,A,T,C,C,A,G,T
94,C,C,T,C,C,C,T,G,C,A,C,T,G,G,A,G,C,T,T,A,A,C,G,A
95,A,A,T,T,C,C,C,G,T,C,G,A,T,G,T,A,G,A,C,A,T,C,T,C
96,A,C,A,G,C,T,A,A,G,C,T,C,A,G,T,A,A,C,C,G,T,C,G,G
97,T,A,G,T,T,A,T,G,A,T,G,C,T,G,T,C,C,A,C,A,A,C,G,C
98,T,C,T,A,C,T,T,C,T,A,A,C,A,C,C,A,G,A,G,A,T,G,A,C
99,C,A,T,C,A,T,A,T,A,T,A,T,A,A,A,C,G,G,T,T,G,A,G,A
100,C,C,C,G,C,T,G,T,A,T,T,C,G,C,T,A,C,A,C,G,C,A,C,T
101,G,A,G,C,G,A,A,A,T,G,C,C,G,G,C,A,T,G,A,T,T,A,C,C
102,T,A,A,C,G,A,A,A,T,G,C,C,A,C,T,A,G,G,A,T,A,C,T,G
103,T,G,C,A,C,T,T,T,A,C,T,T,C,T,G,G,C,C,G,A,C,A,A,G
104,G,G,G,G,T,C,T,G,G,C,G,G,G,A,A,A,A,C,A,T,A,T,A,C
105,A,G,C,C,G,C,T,T,T,G,G,C,A,T,C,A,C,A,G,T,G,T,A,T
106,C,G,C,G,G,T,A,G,C,T,C,T,G,T,A,T,C,A,A,A,A,G,C,C
107,T,G,C,T,T,A,T,G,C,C,G,T,A,C,A,G,T,G,C,G,A,T,T,A
108,C,T,G,A,C,A,N,C,T,G,G,T,A,A,T,A,A,C,T,G,A,C,C,C
109,G,T,A,A,G,A,G,T,T,A,C,C,G,G,G,G,G,G,A,C,G,G,A,C
110,A,A,T,A,G,A,A,C,C,C,C,A,G,C,T,T,G,A,A,A,C,A,C,T
111,G,G,T,G,G,A,T,T,C,T,T,T,G,G,C,G,G,G,G,G,A,A,A,T
112,G,G,A,A,G,G,A,T,A,A,G,T,G,A,G,T,G,G,T,C,C,G,G,A
113,G,C,G,A,A,T,G,A,G,G,T,C,C,T,G,T,A,T,G,A,C,T,A,G
114,G,A,G,A,A,T,A,G,G,A,G,C,A,C,T,A,G,C,G,A,A,G,A,T
115,C,G,C,T,T,C,A,G,C,G,T,C,T,C,G,T,G,T,A,A,A,G,C,G
116,T,C,G,A,C,C,A,G,C,G,T,C,T,A,G,C,G,A,C,T,G,G,A,A
117,A,C,G,A,T,C,T,A,T,G,G,A,T,T,G,C,T,C,G,T,A,T,G,T
118,A,C,A,N,G,C,T,C,G,C,C,A,T,C,C,A,C,T,T,G,C,A,T,G
119,G,C,A,A,G,G,G,G,C,C,T,A,G,A,T,T,G,G,T,C,C,A,T,G
120,N,A,C,C,G,C,C,A,T,T,T,C,T,A,A,G,T,C,C,G,G,C,C,C
121,T,C,A,G,A,A,G,G,A,C,T,G,T,N,G,A,T,A,T,C,C,G,A,C
122,T,T,G,G,A,A,A,T,T,A,T,C,T,N,T,A,G,T,T,A,T,C,T,T
123,C,N,T,A,C,T,G,T,C,G,A,A,C,A,G,G,G,A,T,G,C,T,T,G
124,G,N,C,C,T,T,T,G,A,T,C,A,T,G,G,A,A,A,G,C,T,G,A,A
125,A,A,G,G,C,A,A,T,N,C,A,G,T,T,C,T,G,A,G,C,G,A,T,A
126,G,G,G,G,A,T,C,T,G,A,A,T,C,G,T,A,A,T,C,A,T,T,C,A
127,G,G,A,A,A,C,C,T,A,G,C,A,T,C,C,G,C,C,A,A,C,A,C,T
128,A,T,G,A,T,A,T,C,C,A,G,T,C,A,C,C,G,G,T,A,C,T,A,C
129,G,C,C,C,G,G,G,G,C,T,C,G,T,T,A,C,T,G,G,A,G,T,C,A
130,A,T,T,T,T,C,G,A,T,A,G,T,T,A,C,C,C,T,A,T,G,T,C,C
131,C,A,C,A,T,G,C,G,T,T,T,T,A,T,T,A,T,A,G,T,T,C,T,G
132,A,A,C,C,A,T,T,A,C,C,C,G,T,A,G,T,T,A,G,A,T,C,T,G
133,A,A,T,G,C,G,C,G,C,T,G,A,A,T,T,C,A,C,G,T,A,G,A,A
134,C,C,T,C,G,T,C,A,T,A,T,T,C,T,T,G,A,C,C,T,C,A,G,A
135,C,A,T,T,C,C,C,A,G,C,G,G,C,G,A,T,C,G,C,G,A,T,G,G
136,T,C,A,A,G,T,C,C,A,A,G,T,T,C,T,T,T,T,G,G,T,A,T,G
137,A,C,A,A,A,G,A,T,T,A,C,C,C,G,T,G,G,C,C,C,T,G,G,A
138,T,C,G,T,G,G,T,C,A,T,T,T,C,A,A,A,A,C,A,G,A,G,C,C
139,A,A,T,G,C,T,G,A,T,G,G,A,G,C,A,A,T,C,A,C,A,T,A,T
140,T,T,C,C,G,T,C,G,G,T,G,G,A,G,C,G,T,C,G,A,C,T,T,G
141,G,T,A,C,C,C,T,A,A,T,C,G,A,C,T,C,C,C,G,C,C,A,A,C
142,A,T,C,C,T,A,C,A,T,G,G,T,T,G,C,A,T,C,G,T,G,C,A,T
143,A,T,T,C,T,C,G,T,G,T,A,A,A,T,T,G,C,T,C,A,C,T,C,A
144,T,G,A,G,T,C,C,A,A,C,A,C,T,T,C,A,C,C,T,C,G,A,G,C
145,C,C,A,A,C,A,G,A,A,G,A,C,T,G,T,T,C,A,T,T,G,A,C,A
146,C,T,C,A,A,A,C,A,C,A,A,C,T,T,G,C,C,C,T,A,C,A,G,C
147,C,T,C,T,C,G,C,C,T,T,C,T,T,T,T,C,A,A,G,T,A,T,T,C
148,T,C,T,T,G,A,C,T,T,T,C,T,A,A,A,G,A,G,G,C,G,C,T,G
149,T,A,A,A,C,A,C,T,G,A,G,G,G,A,A,G,G,A,G,C,G,A,A,C
150,G,T,A,A,T,G,A,A,G,A,A,A,G,C,G,G,C,G,C,T,T,T,C,A
151,A,A,C,T,G,T,T,G,C,A,G,T,C,T,T,T,A,A,T,G,A,T,G,G
152,C,T,T,T,A,C,T,G,C,A,A,A,T,C,A,C,G,T,T,T,C,G,A,A
153,A,G,A,T,T,C,C,G,A,T,C,G,A,A,T,A,G,A,C,T,G,G,T,C
154,G,C,G,A,A,G,G,T,A,T,G,T,A,G,A,T,C,C,C,A,A,C,A,G
155,A,G,G,T,T,A,T,T,G,T,C,A,A,A,A,G,G,A,G,T,A,C,T,C
156,A,T,G,A,A,G,C,T,A,T,T,C,C,T,C,T,T,A,A,G,C,T,C,G
157,G,T,G,C,T,A,T,T,C,C,T,T,A,A,A,G,T,A,A,G,G,A,T,C
158,C,A,A,A,A,T,C,G,G,A,C,T,A,A,A,G,T,A,G,T,T,T,G,A
159,C,C,A,C,C,A,A,C,T,G,T,T,C,A,T,G,C,C,C,G,G,T,C,C
160,G,C,C,C,G,G,G,T,C,C,T,A,G,G,G,T,A,C,T,T,T,C,G,A
161,T,T,A,C,G,C,C,T,A,A,A,G,C,G,G,G,G,C,C,C,C,C,T,A
162,T,C,A,C,A,G,G,G,C,A,C,C,G,T,C,A,C,G,T,C,A,A,G,G
163,T,C,G,A,C,G,C,G,A,G,C,A,G,G,C,G,T,T,A,C,C,A,T,C
164,C,C,G,T,C,T,G,T,C,T,A,A,C,T,A,T,G,C,C,C,A,C,G,A
165,C,G,A,A,G,C,G,C,G,C,T,A,A,A,G,A,C,C,G,T,T,T,T,T
166,G,T,A,T,A,A,C,A,A,T,C,G,T,G,G,T,C,T,C,A,A,A,A,T
167,C,A,A,A,G,C,C,C,C,C,A,G,T,C,T,T,G,G,G,A,G,T,T,G
168,A,G,G,G,G,C,G,A,A,C,G,A,T,T,T,G,G,C,G,C,T,A,T,A
169,C,T,A,C,A,T,C,G,C,G,T,G,T,A,C,T,C,T,G,C,A,C,G,G
170,A,C,C,A,T,A,G,T,C,G,T,T,T,T,T,G,A,G,T,A,G,C,T,G
171,G,C,T,A,C,T,G,G,G,T,A,G,C,A,A,A,A,A,T,T,G,A,G,C
172,G,A,A,T,A,A,C,C,T,T,G,T,G,G,T,T,C,G,T,A,C,G,A,C
173,T,A,G,T,A,C,T,T,T,A,C,A,C,A,T,T,C,A,C,G,C,G,A,G
174,G,A,G,G,A,G,A,A,A,A,G,C,T,A,A,G,C,T,A,T,C,G,A,G
175,C,T,A,A,T,C,T,T,G,T,G,T,C,C,T,C,T,T,A,T,G,T,A,C
176,A,C,G,T,C,A,G,C,C,T,A,G,G,T,T,A,C,T,C,A,A,A,A,C
177,C,T,G,G,C,G,C,C,G,A,C,G,T,A,G,C,C,A,T,A,C,C,A,T
178,A,A,T,A,T,G,C,G,G,A,A,A,C,T,A,C,A,G,T,G,A,T,G,G
179,A,T,G,G,G,C,T,G,C,T,A,A,C,C,A,T,A,G,T,T,T,C,C,C
180,G,C,G,G,C,A,T,A,T,T,G,T,A,G,G,C,T,C,T,T,C,C,T,A
181,A,T,T,T,T,T,G,T,A,G,T,T,G,A,T,G,T,A,G,C,T,A,G,A
182,C,C,T,C,C,T,C,G,T,A,T,A,G,T,T,G,G,C,A,G,T,N,T,A
183,A,T,G,C,A,C,T,T,A,C,G,T,A,T,G,C,A,T,C,G,A,N,A,T
184,T,G,A,G,T,G,T,G,T,G,G,T,C,T,A,C,C,G,T,G,G,G,G,C
185,G,T,A,T,A,C,G,T,G,T,G,G,G,C,T,A,T,C,A,G,A,C,G,C
186,C,C,T,G,C,G,G,C,A,A,A,C,C,G,A,G,C,A,A,A,A,C,A,T
187,A,T,C,G,A,G,C,A,T,A,A,G,C,C,T,A,G,A,T,G,A,G,A,A
188,A,T,G,A,G,C,T,T,G,T,T,T,C,C,A,T,T,A,T,C,G,A,A,T
189,C,C,A,G,G,A,T,T,A,T,G,A,G,T,C,A,T,G,T,C,A,A,A,A
190,A,A,G,G,G,A,C,A,G,C,A,G,C,A,A,G,C,C,C,A,G,G,T,C
191,T,G,T,G,G,G,G,T,C,A,A,G,A,C,G,T,T,T,A,A,C,C,A,A
192,T,C,A,A,C,C,T,G,T,A,G,A,C,C,G,A,C,C,G,A,G,C,C,T
193,T,G,G,A,G,A,G,G,G,G,C,C,G,A,T,G,T,A,A,A,T,T,A,C
194,A,C,A,A,A,T,G,T,T,T,A,C,G,G,T,T,T,T,A,A,A,T,G,C
195,C,T,C,T,A,T,C,C,G,C,T,G,T,T,T,G,A,T,C,C,G,G,A,G
196,G,A,T,G,G,T,T,T,A,G,T,C,A,T,T,C,G,T,T,G,A,G,T,T
197,G,G,A,A,C,C,G,G,T,A,A,A,T,T,A,A,T,T,A,A,C,G,A,C
198,A,G,C,A,C,T,G,A,A,C,C,G,G,C,G,T,T,A,A,C,A,C,G,C
199,T,A,G,A,G,A,A,A,G,T,C,G,G,T,G,A,T,A,G,T,G,G,C,A
200,C,T,G,T,G,G,G,G,T,A,T,T,T,T,A,T,T,C,T,A,G,C,G,A
201,A,T,G,G,A,T,T,A,T,A,C,A,A,A,T,G,T,T,A,G,C,A,A,A
202,A,A,A,G,G,T,A,C,G,A,T,T,C,A,C,A,G,T,T,G,T,A,C,T
203,C,C,A,T,T,G,T,T,A,G,A,T,G,A,C,G,T,A,T,G,C,A,C,T
204,A,C,C,C,C,G,G,C,T,C,T,C,T,A,G,C,G,A,A,C,G,G,G,G
205,G,C,T,G,A,A,G,C,A,C,G,T,T,C,G,T,G,A,C,C,A,T,G,C
206,C,G,G,G,T,T,T,C,A,T,A,C,A,T,T,G,G,T,A,A,G,G,T,C
207,G,T,T,T,A,G,A,A,G,T,C,T,T,C,C,G,C,G,T,A,C,G,T,T
208,T,T,A,C,T,C,T,T,A,C,G,A,C,C,T,C,C,T,G,A,T,G,G,T
209,T,A,G,G,C,C,C,C,A,G,C,C,A,T,G,T,A,C,T,T,T,A,G,C
210,A,G,A,A,G,C,G,T,C,A,C,A,C,T,C,T,C,A,T,A,C,G,A,C
211,T,T,T,A,C,A,G,G,A,A,A,A,A,G,G,A,G,T,G,C,G,C,C,T
212,C,C,T,G,A,C,T,C,C,T,T,G,G,A,G,A,G,G,G,G,T,T,C,G
213,C,T,T,G,C,C,A,G,C,C,G,T,A,C,A,A,A,G,A,G,G,A,A,T
214,C,C,C,G,A,G,A,G,A,G,C,G,G,C,T,C,T,C,T,T,T,T,T,T
215,T,T,C,G,T,T,G,T,T,G,A,A,A,A,C,T,C,A,C,A,G,T,C,A
216,A,C,G,C,G,A,A,C,G,T,A,G,C,A,G,T,T,T,T,T,G,G,A,C
217,G,T,C,T,T,A,T,G,T,A,G,T,A,C,T,T,C,T,T,A,G,A,A,G
218,T,A,A,C,G,T,C,C,C,C,G,C,A,C,A,G,G,A,T,A,G,C,C,A
219,A,T,A,G,A,T,C,G,T,T,C,A,C,A,T,T,C,G,C,C,T,C,T,A
220,A,A,A,C,G,G,G,T,T,T,G,T,C,C,C,T,A,C,T,G,C,T,T,A
221,A,G,C,C,T,C,G,T,T,T,T,A,T,A,T,G,G,T,G,A,T,G,G,G
222,C,A,C,G,A,A,T,T,G,G,T,G,G,C,G,A,A,T,G,G,C,A,G,A
223,T,C,T,T,T,G,G,G,C,T,G,A,A,C,G,T,A,C,T,C,A,G,G,A
224,T,G,C,A,A,C,G,T,G,G,C,A,A,T,A,G,A,A,A,C,A,T,C,A
225,C,T,T,C,T,T,G,T,T,G,A,G,T,T,G,T,A,C,T,T,T,A,C,G
226,G,A,A,T,A,G,C,A,A,T,T,C,T,T,C,C,T,G,G,A,T,A,A,A
227,T,C,C,T,T,T,G,A,G,T,C,T,G,C,C,T,G,T,C,C,G,T,T,C
228,A,A,C,T,T,C,G,G,T,A,A,C,G,C,C,C,C,T,T,A,A,A,G,G
229,A,A,C,G,A,G,C,A,C,C,C,T,T,C,C,A,C,C,A,C,T,A,T,C
230,C,A,T,A,G,G,G,A,A,T,G,C,T,G,A,C,T,T,T,C,G,G,G,G
231,G,A,G,T,C,A,C,A,A,G,A,A,A,A,T,A,A,G,C,G,G,G,C,A
232,T,A,C,G,C,A,T,C,C,T,C,T,G,T,T,A,C,T,G,T,T,G,C,G
233,A,T,G,T,C,T,C,A,A,G,A,A,A,C,A,C,C,A,A,T,C,C,T,G
234,G,G,C,T,T,G,C,C,T,A,T,G,G,G,C,T,T,T,C,C,A,G,G,C
235,G,C,T,C,C,T,G,A,G,G,T,T,T,G,C,A,T,G,G,G,G,G,T,G
236,A,C,T,G,T,A,C,C,A,C,T,T,A,A,G,A,T,T,T,C,A,A,G,G
237,G,G,A,C,C,A,A,A,A,A,C,G,T,C,T,C,C,C,C,G,A,C,G,C
238,A,C,C,C,G,A,G,G,A,A,C,T,T,A,C,G,G,A,A,C,T,G,G,A
239,A,C,T,A,A,T,T,T,A,T,C,C,A,T,T,A,G,G,C,A,T,A,A,G
240,A,C,T,A,C,C,T,A,A,A,A,C,T,A,C,G,G,C,C,C,T,G,G,T
241,A,A,G,A,T,T,T,G,A,T,T,G,A,C,T,A,G,A,G,G,G,A,A,T
242,T,T,A,C,C,A,C,G,G,T,A,A,G,N,T,C,A,C,T,C,G,G,G,C
243,C,T,C,T,T,C,C,G,C,A,G,A,C,T,G,A,G,C,G,C,A,C,G,T
244,G,T,T,G,A,T,C,C,C,C,G,T,G,C,C,T,G,C,C,A,T,G,T,C
245,G,G,G,A,A,T,T,A,A,G,A,A,C,A,G,T,G,G,T,A,T,A,T,A
246,C,G,G,G,C,A,G,A,T,A,G,G,G,T,A,C,G,C,C,C,C,C,A,G
247,C,G,T,A,A,A,T,A,A,G,A,T,C,G,G,A,G,G,T,C,G,A,C,T
248,G,T,T,G,C,A,A,C,T,C,G,A,T,A,G,T,G,T,T,A,T,T,G,T
249,A,T,C,A,C,T,T,C,A,C,T,G,C,T,G,T,A,A,G,G,A,T,G,A
250,T,G,G,A,A,T,A,C,C,A,A,T,A,T,T,T,A,G,G,A,A,A,G,A
251,C,G,C,G,A,T,T,T,C,A,T,G,G,C,T,A,G,A,C,G,C,C,G,A
252,T,C,T,G,T,C,C,G,A,T,T,C,C,A,G,G,G,T,A,C,C,T,G,T
253,A,C,A,A,A,G,G,C,A,A,T,G,T,T,T,T,T,T,C,G,G,C,A,A
254,A,C,T,C,G,A,C,A,C,G,A,G,G,A,A,T,C,C,T,C,T,C,C,G
255,C,C,T,G,C,A,C,T,G,C,C,T,T,A,G,G,G,A,C,T,G,A,A,A
256,C,G,T,A,G,G,C,A,T,T,G,T,T,C,C,A,A,G,C,A,A,T,G,T
257,C,T,C,A,G,C,C,C,T,G,G,T,A,A,C,A,T,T,T,G,A,C,G,T
258,C,G,T,A,C,C,G,C,C,C,G,A,C,T,C,G,C,T,C,G,A,T,C,T
259,A,A,T,T,T,T,T,C,A,A,C,A,A,T,T,T,T,G,G,C,C,T,G,G
260,G,C,G,G,T,G,C,C,C,A,A,T,G,G,T,A,T,G,G,G,A,C,T,T
261,A,C,T,G,C,T,T,T,T,C,C,C,T,G,A,A,A,G,A,G,G,A,T,A
262,G,A,G,C,T,C,G,G,A,C,A,T,T,C,G,T,A,C,T,G,G,A,A,G
263,T,C,A,C,T,C,A,T,T,G,G,G,A,A,G,G,T,T,G,G,G,A,T,C
264,T,T,G,T,A,T,T,C,A,C,A,T,G,A,G,G,A,C,C,C,G,C,G,C
265,A,C,G,G,T,A,A,G,G,T,T,G,A,A,A,T,G,A,A,T,T,G,T,A
266,T,G,T,G,G,T,T,A,G,C,T,T,T,T,G,C,A,T,C,A,G,G,C,A
267,A,T,G,C,C,C,T,T,A,T,T,G,C,G,A,G,T,T,A,G,C,A,T,A
268,A,G,T,T,T,C,T,T,C,T,C,C,G,C,T,T,A,G,A,C,T,A,T,G
269,G,A,T,A,G,C,G,C,N,G,T,C,T,T,T,A,C,A,C,G,G,T,T,C
270,C,T,G,T,A,T,T,T,T,C,C,C,C,T,C,A,A,T,T,T,G,T,C,T
271,C,T,C,A,G,T,A,A,C,T,C,G,T,C,C,C,A,G,G,A,T,G,A,A
272,G,T,T,T,C,A,C,G,C,G,G,G,T,G,A,T,C,A,A,T,A,G,A,C
273,A,A,A,C,T,T,T,C,A,N,C,C,T,A,T,A,G,A,T,T,G,T,A,G
274,T,A,T,A,T,C,A,G,A,T,T,C,A,G,C,T,A,C,G,T,T,G,A,G
275,G,T,T,T,C,G,A,T,A,T,T,G,G,C,G,C,C,G,A,T,C,G,G,C
276,C,G,A,C,C,C,A,T,G,G,T,C,A,G,G,G,G,G,G,C,A,A,C,A
277,A,N,A,G,T,C,G,G,A,A,G,A,G,A,A,C,C,C,G,A,G,T,A,T
278,A,G,G,N,C,A,A,T,G,G,A,G,C,N,G,G,G,C,C,T,A,C,T,G
279,A,A,G,C,C,N,C,C,T,T,T,G,G,G,C,C,C,A,A,A,C,C,A,A
280,C,C,A,T,T,T,G,G,G,T,C,G,C,C,T,A,T,C,C,T,G,C,A,G
281,G,T,A,T,T,A,G,G,A,T,G,G,T,A,C,C,G,G,A,T,A,C,A,G
282,C,G,A,G,C,A,C,G,T,T,G,T,A,C,T,A,A,C,G,A,T,G,T,A
283,G,G,A,C,G,T,G,C,G,C,T,G,G,G,G,T,G,T,A,C,C,A,A,G
284,G,G,G,T,G,A,T,C,T,T,A,G,C,T,G,A,A,T,G,C,T,A,A,G
285,C,C,T,A,C,G,A,T,C,G,G,G,C,A,G,G,C,A,T,T,T,G,G,C
286,G,A,A,A,G,A,G,G,T,C,C,T,A,A,A,T,A,G,T,T,T,T,G,C
287,A,C,C,C,T,T,T,T,T,C,A,C,G,G,C,C,G,G,T,T,G,T,C,C
288,G,G,G,T,A,A,C,A,A,C,A,C,T,G,C,C,T,C,A,C,C,T,T,C
289,C,T,A,A,T,G,T,T,A,T,T,T,G,C,G,G,G,A,T,T,A,C,T,C
290,A,A,A,A,T,A,A,A,C,A,T,C,C,T,T,A,G,G,G,C,A,T,C,G
291,N,A,G,C,C,G,T,T,A,T,C,G,G,A,T,C,G,T,T,C,A,T,G,G
292,C,A,T,T,T,C,C,A,A,A,T,A,T,A,G,G,T,G,T,T,A,A,G,G
293,T,A,A,N,T,G,T,G,C,G,T,T,T,C,C,G,A,G,A,G,C,G,C,A
294,A,G,C,T,C,G,A,C,T,T,G,A,T,T,T,T,C,A,G,C,A,G,G,C
295,A,T,A,G,T,T,G,A,C,A,A,T,A,T,T,C,A,T,T,A,A,A,T,G
296,N,C,A,T,A,C,C,G,G,C,G,G,T,T,A,G,C,C,G,A,A,A,T,T
297,T,T,T,T,C,C,A,A,G,A,C,G,A,A,A,T,C,G,T,G,C,T,C,A
298,A,C,A,T,G,G,T,G,G,T,T,G,T,T,G,C,A,A,A,A,C,C,T,T
299,G,G,T,T,C,G,C,G,T,C,T,A,T,G,T,C,G,G,A,A,G,T,C,T
300,T,G,G,C,T,G,T,G,A,C,T,G,C,G,C,T,T,T,G,C,C,A,T,G
301,A,A,T,T,T,A,T,A,C,G,T,A,G,T,A,G,C,T,T,G,G,C,G,T
302,T,G,T,T,G,A,T,A,G,G,C,C,G,C,C,G,C,C,C,T,C,C,T,A
303,A,C,A,A,A,C,A,G,T,A,G,A,T,T,T,A,T,T,T,G,G,C,A,T
304,G,C,T,G,G,T,T,G,A,C,T,C,C,G,A,A,G,G,A,T,T,A,G,C
305,A,T,C,G,T,C,T,C,T,A,C,A,T,C,C,G,A,C,C,G,A,C,T,A
306,T,A,A,A,A,C,C,C,G,C,C,T,A,A,C,T,C,A,T,C,C,T,A,G
307,A,C,A,G,A,C,A,T,T,A,C,A,A,G,A,G,G,C,T,A,G,T,G,T
308,T,C,C,A,T,T,G,A,A,A,G,T,C,A,C,A,G,A,T,T,C,A,T,A
309,A,A,C,T,G,C,A,T,A,C,C,T,G,G,G,C,A,G,C,C,G,G,A,G
310,A,C,A,A,A,G,C,G,G,A,T,C,A,A,C,C,T,C,A,C,G,G,A,G
311,C,C,A,G,T,T,G,A,G,A,C,T,G,A,A,A,A,G,A,G,T,C,C,T
312,A,T,A,G,T,A,A,C,A,G,T,A,G,A,G,G,T,A,T,A,T,T,T,T
313,C,G,A,T,A,T,T,T,A,A,A,C,G,G,G,T,G,A,A,C,A,G,C,C
314,C,C,C,A,T,C,C,T,C,G,A,T,T,A,G,G,A,T,A,T,A,A,T,G
315,T,A,A,G,T,T,C,T,C,G,A,T,A,C,G,T,T,T,G,A,A,T,C,G
316,C,A,G,C,G,G,T,T,C,T,C,A,A,T,C,A,A,A,A,A,A,C,A,T
317,T,A,G,G,T,C,G,C,C,T,A,G,A,T,C,T,A,C,C,G,A,T,A,A
318,C,A,C,G,C,C,G,T,A,T,C,A,G,T,A,C,C,A,A,C,C,A,T,G
319,G,C,T,G,G,A,T,G,G,A,A,T,A,G,A,T,A,C,G,C,T,G,G,C
320,T,C,T,C,T,G,C,T,T,A,G,C,C,A,G,G,A,G,A,A,T,G,A,A
321,G,A,C,A,C,A,A,A,G,T,T,T,C,A,G,A,G,G,C,C,C,C,C,T
322,C,A,A,G,A,C,A,C,T,T,C,G,T,T,C,G,G,T,C,T,A,C,C,C
323,C,A,G,A,C,T,G,C,A,A,C,T,C,A,A,A,T,A,A,G,A,A,G,A
324,A,C,C,C,T,A,G,A,A,C,G,G,T,G,A,G,T,T,A,C,G,A,T,C
325,A,A,C,A,C,C,G,A,G,A,G,G,T,T,A,C,C,C,C,C,G,A,A,C
326,A,T,T,T,C,C,T,A,A,A,C,A,T,A,G,G,T,A,A,A,G,G,A,A
327,T,G,A,A,T,C,G,T,A,A,C,A,A,T,A,T,T,A,C,C,C,T,C,C
328,C,G,G,A,C,C,C,C,T,C,T,C,G,A,G,A,T,T,T,A,C,T,A,T
329,T,T,A,C,T,T,C,A,A,T,T,T,C,G,G,T,C,G,G,T,A,C,T,T
330,A,T,T,T,A,A,A,G,C,C,T,T,T,G,A,G,T,C,C,A,C,A,T,G
331,C,C,C,G,G,G,A,A,T,C,G,T,G,A,A,T,T,A,C,A,G,G,G,T
332,T,G,T,A,T,A,A,C,A,T,C,A,A,A,T,G,T,A,C,A,A,A,G,G
333,T,G,T,T,C,T,T,C,A,G,C,T,T,G,A,A,G,C,G,A,A,C,A,T
334,C,A,T,C,T,A,G,A,T,T,A,C,T,G,T,A,G,T,G,C,C,A,A,G
335,T,T,A,T,A,T,A,G,G,G,C,G,T,C,C,A,G,T,T,G,A,G,T,G
336,C,A,G,A,G,A,T,T,C,G,A,A,A,A,G,G,T,T,C,T,A,T,A,T
337,A,T,A,A,G,A,T,G,A,T,G,T,C,T,T,G,C,T,A,T,G,G,A,A
338,C,A,A,T,C,A,C,C,G,G,T,A,T,G,T,T,T,G,C,A,A,T,T,C
339,G,G,G,C,G,A,A,T,G,A,T,C,A,C,T,G,G,T,T,A,A,G,G,C
340,G,C,A,T,A,A,T,C,A,A,A,G,T,T,T,A,A,T,C,T,A,G,G,G
341,T,A,A,G,A,C,T,C,C,C,T,C,G,T,T,G,G,A,T,C,C,C,A,T
342,C,G,T,T,A,G,T,C,A,G,G,T,G,G,G,G,T,C,C,G,A,C,G,A
343,T,C,G,T,A,T,A,T,T,C,C,A,T,C,A,T,C,G,C,A,A,A,G,G
344,C,A,T,A,G,C,G,G,T,C,T,G,T,T,C,C,T,A,C,G,A,A,C,C
345,G,C,C,C,G,G,G,G,T,C,G,C,A,T,G,T,A,A,G,C,C,G,G,A
346,T,G,A,G,C,G,G,G,C,G,T,A,G,T,A,G,T,A,A,T,T,A,T,T
347,G,C,A,A,T,G,C,T,A,T,G,C,C,G,C,T,G,T,A,T,A,A,G,T
348,G,G,T,C,C,T,A,G,A,G,C,C,A,T,T,T,A,G,T,A,G,C,C,T
349,G,T,T,G,T,T,A,T,A,C,A,G,G,G,C,G,A,A,T,G,C,G,T,T
350,C,C,C,T,A,A,T,T,T,G,T,G,A,C,G,C,A,C,G,C,C,G,A,A
351,C,T,T,G,T,G,A,A,C,T,C,A,C,T,C,G,A,A,A,G,G,A,C,A
352,G,A,C,A,A,C,C,C,G,A,C,G,A,C,C,C,T,C,G,T,C,T,A,T
353,C,T,A,A,A,A,A,T,C,G,C,A,A,T,T,C,G,T,T,G,A,G,C,C
354,G,G,A,A,T,G,T,G,G,A,T,C,A,T,G,G,G,C,G,A,A,A,G,T
355,C,T,C,A,C,G,G,A,G,C,A,C,C,C,G,G,A,C,G,A,A,G,A,A
356,A,A,A,G,T,A,G,A,T,G,G,C,A,T,C,T,G,G,G,G,A,T,G,G
357,A,G,T,A,T,G,G,C,G,T,G,A,G,T,T,T,C,A,C,C,A,A,C,T
358,T,G,G,T,A,C,C,T,G,A,C,A,A,T,A,A,A,C,T,T,A,T,A,T
359,G,G,A,T,T,T,T,A,C,T,C,T,C,C,A,C,C,G,G,T,C,C,G,G
360,G,A,G,A,A,T,T,A,G,A,C,G,G,G,C,G,G,T,C,C,C,A,T,G
361,N,A,C,A,C,A,G,C,A,T,A,G,T,A,G,A,C,T,T,A,T,A,C,A
362,N,A,G,G,A,C,G,G,G,C,A,C,G,C,G,A,T,T,T,T,C,A,G,T
363,A,C,C,C,A,C,G,G,C,T,C,T,G,A,C,T,G,G,C,T,A,A,C,A
364,T,A,A,G,C,C,C,G,A,C,G,A,A,C,T,T,A,G,T,C,G,C,A,G
365,A,G,A,C,G,G,G,C,G,G,A,A,T,A,T,G,C,A,T,T,A,A,T,C
366,G,T,T,N,G,T,A,G,T,T,T,C,G,T,T,G,C,C,G,T,T,G,T,A
367,A,A,G,N,A,T,G,A,C,C,A,G,A,C,C,G,G,T,A,T,G,T,G,G
368,T,C,G,G,A,C,A,T,T,G,C,C,C,C,G,T,T,T,A,A,T,G,A,T
369,A,T,C,C,A,G,A,T,C,A,G,A,C,A,G,T,T,G,C,T,T,C,T,T
370,T,A,C,G,T,C,T,A,T,A,T,G,T,C,G,T,A,T,T,G,T,G,T,C
371,T,G,G,C,A,A,G,C,T,A,G,T,T,A,C,A,T,T,A,T,A,G,T,A
372,G,A,T,A,A,C,G,G,T,A,G,C,C,A,T,T,T,G,T,A,T,G,A,G
373,G,C,A,A,G,G,A,G,G,T,A,C,A,G,G,G,A,G,G,G,G,T,C,T
374,T,C,A,G,C,C,C,G,G,A,T,G,G,G,A,T,G,G,A,C,C,C,C,A
375,T,C,C,C,A,G,A,G,A,A,T,C,C,G,T,G,T,G,A,G,G,T,T,C
376,A,A,C,A,A,A,T,G,C,G,C,G,G,G,G,C,C,A,G,G,G,C,A,T
377,A,G,A,G,T,T,C,G,A,C,G,A,A,C,C,T,C,C,A,G,T,A,A,T
378,C,G,G,C,T,G,G,A,G,A,A,C,T,C,C,T,C,C,G,G,T,T,C,T
379,G,T,T,T,T,A,C,T,G,A,A,C,A,T,C,G,C,C,C,C,C,A,G,A
380,A,A,T,G,G,A,A,G,A,G,T,G,G,G,T,C,C,A,C,T,A,C,T,A
381,G,G,T,G,T,C,G,T,G,A,C,T,T,C,G,A,G,A,G,G,A,G,T,A
382,C,T,C,G,T,G,T,G,A,A,C,A,A,A,G,A,T,A,T,T,T,A,G,A
383,C,C,A,G,T,A,A,G,G,C,C,C,T,A,T,T,C,N,G,A,G,G,A,G
384,C,C,A,G,G,T,G,A,G,T,C,T,G,C,T,C,G,C,T,A,T,T,G,G
385,A,A,G,T,G,C,T,T,T,G,C,C,C,T,G,A,A,C,G,A,A,G,G,T
386,G,G,G,T,N,N,G,A,C,G,A,T,C,A,C,A,G,A,T,A,A,G,T,G
387,C,A,A,C,G,C,G,A,A,C,C,A,A,C,A,G,C,G,C,G,A,T,A,T
388,A,G,A,T,A,A,C,T,C,C,G,T,T,A,T,G,T,T,T,G,C,C,T,A
389,C,T,T,C,C,G,A,G,G,C,A,T,T,A,C,T,A,T,C,A,C,G,A,T
390,T,C,T,T,G,T,T,T,A,G,T,G,A,T,A,A,A,G,C,G,C,A,G,T
391,A,G,T,C,A,G,T,G,A,A,T,A,C,C,G,G,A,A,G,G,G,C,A,T
392,G,G,G,C,G,T,G,A,C,A,C,G,G,C,A,G,G,T,G,A,T,T,A,T
393,T,A,T,C,G,T,T,T,T,G,T,T,T,C,A,C,G,A,G,A,C,A,T,T
394,T,G,A,A,G,G,C,T,T,G,A,G,G,T,A,G,C,T,C,A,C,A,C,G
395,G,G,A,T,A,C,C,G,A,C,C,G,A,C,T,A,G,A,T,G,A,C,G,T
396,T,C,C,G,G,A,G,A,T,G,C,A,T,T,G,C,T,A,A,G,G,C,C,T
397,A,G,G,C,A,G,T,A,A,G,G,T,A,G,C,C,G,C,C,G,C,T,A,T
398,T,C,C,G,C,T,C,G,G,A,T,C,A,C,C,G,T,C,C,A,G,A,A,C
399,G,T,A,G,C,T,G,A,G,C,G,A,C,T,T,G,A,T,C,G,A,T,A,A
400,T,C,T,A,A,A,G,G,C,G,A,T,C,C,G,G,G,C,T,A,T,G,G,A
401,A,G,C,T,G,A,C,C,T,A,G,T,C,G,G,A,A,G,C,T,A,C,G,C
402,T,A,G,A,A,A,A,T,A,A,A,A,A,T,T,C,A,C,A,T,C,C,A,A
403,C,T,T,A,A,A,G,T,A,T,A,C,A,C,A,C,A,A,A,A,A,C,C,C
404,G,T,G,G,A,T,T,T,G,G,G,A,T,C,C,A,T,G,G,G,A,G,G,T
405,C,C,G,A,G,C,A,T,C,T,G,A,G,A,G,A,T,T,A,C,A,A,T,A
406,T,T,A,T,T,C,A,G,A,C,T,C,A,C,T,G,G,C,A,T,T,G,A,C
407,C,A,A,T,A,A,T,A,T,A,C,C,G,G,A,A,G,T,C,A,C,G,T,C
408,G,C,A,T,A,T,C,A,T,C,A,G,A,G,G,T,G,G,A,G,A,A,C,A
409,G,C,C,A,A,T,A,G,T,T,T,T,C,A,C,C,T,A,G,A,T,T,T,G
410,C,T,T,C,T,A,C,T,T,T,A,A,T,C,G,A,A,A,A,C,G,A,C,T
411,T,C,T,A,A,A,G,T,G,G,G,T,T,T,A,G,C,G,C,A,G,T,T,T
412,T,G,G,C,G,T,C,C,G,T,A,G,A,C,T,T,A,C,T,C,T,T,C,C
413,C,T,C,C,A,C,G,T,A,G,A,A,A,T,C,A,T,A,T,A,G,A,G,T
414,C,C,C,T,T,C,T,G,A,T,G,G,T,G,G,C,G,T,G,C,A,G,C,G
415,C,A,A,C,C,G,G,A,C,T,A,A,A,T,A,A,A,C,G,A,T,C,C,A
416,C,T,G,C,A,A,A,A,G,T,T,C,G,C,T,C,A,A,C,A,G,A,A,C
417,G,A,T,G,A,C,C,C,A,T,G,C,C,C,A,G,G,C,G,T,A,G,A,C
418,A,C,C,T,T,T,C,C,C,G,A,A,C,C,T,C,A,A,A,G,C,G,C,C
419,G,G,G,G,A,T,T,T,C,A,A,T,C,C,T,G,T,G,A,G,T,C,C,C
420,G,A,T,A,C,G,T,T,C,G,A,A,G,A,A,C,G,T,C,A,A,G,T,G
421,T,T,C,C,G,C,C,C,C,C,G,G,T,C,T,A,C,C,C,G,C,A,T,G
422,C,G,G,A,G,G,C,A,G,G,T,A,G,T,G,A,A,T,G,C,C,T,T,C
423,T,C,A,C,A,A,G,A,A,A,G,G,G,C,T,G,C,T,G,G,G,G,A,A
424,G,G,G,G,G,A,C,C,T,A,A,C,T,T,A,G,C,G,C,A,C,A,A,C
425,T,G,G,C,G,G,A,T,A,T,C,C,T,T,A,A,T,A,A,C,A,A,C,A
426,A,C,T,T,G,C,G,C,A,A,G,T,C,G,T,G,C,T,T,T,A,C,T,T
427,C,T,C,T,G,C,C,A,T,A,G,G,C,T,G,T,G,C,G,C,G,A,T,T
428,A,T,G,G,G,G,A,C,C,A,A,A,T,C,A,C,G,A,A,A,A,C,A,T
429,T,A,T,A,C,T,A,A,A,T,A,N,T,T,G,C,C,C,T,A,T,T,T,A
430,A,G,T,T,C,A,T,A,G,C,T,A,C,T,T,G,T,C,A,A,A,G,T,A
431,A,G,C,C,T,T,N,T,T,A,G,G,A,T,C,G,C,T,A,T,T,C,T,A
432,A,T,T,G,T,A,G,T,G,C,A,T,G,T,T,C,A,C,T,G,A,A,T,C
433,C,T,T,C,T,T,C,A,A,T,G,A,A,C,C,G,A,C,C,C,T,A,T,C
434,T,C,G,A,C,C,G,G,C,C,T,A,A,A,A,A,T,A,T,A,C,T,A,G
435,T,C,A,A,G,A,A,C,T,A,G,A,T,G,T,A,T,T,T,A,T,N,C,G
436,G,A,G,T,A,G,A,G,A,G,T,C,C,A,T,A,A,T,G,G,C,A,A,A
437,G,T,A,T,G,T,T,C,T,C,A,A,A,T,C,G,T,C,C,G,T,A,T,C
438,A,G,C,G,C,T,C,G,A,G,G,C,T,T,T,A,G,C,A,C,T,C,T,T
439,G,A,C,A,A,C,C,A,A,T,C,A,C,T,G,G,C,T,T,A,G,C,G,T
440,G,T,C,A,C,G,A,T,G,C,G,C,G,A,G,G,A,T,G,T,T,A,G,C
441,A,T,T,G,T,C,A,A,G,A,T,T,C,C,G,C,T,G,A,T,C,A,G,C
442,A,T,T,C,G,G,G,C,G,T,A,T,A,C,G,G,C,T,A,A,T,C,A,T
443,G,G,T,G,A,G,C,G,C,T,T,T,G,T,A,C,T,T,T,C,G,A,G,T
444,G,A,T,A,T,T,A,A,T,C,G,T,A,C,G,C,C,C,C,T,A,T,T,T
445,G,A,A,T,C,A,C,T,A,G,A,T,T,C,A,T,C,G,A,T,G,T,T,T
446,C,C,A,G,A,C,G,T,A,T,C,T,A,A,A,C,T,T,C,A,G,T,G,C
447,A,C,T,T,G,T,T,T,A,G,C,G,T,A,C,T,G,C,G,C,T,G,A,G
448,T,A,C,C,T,T,C,C,C,G,T,T,T,C,C,C,A,A,A,T,A,C,T,A
449,A,T,C,C,C,C,G,A,T,T,G,T,C,T,G,T,A,C,T,A,C,A,C,A
450,A,G,G,T,C,G,T,A,A,A,A,C,A,T,A,C,C,A,C,A,C,T,G,G
451,G,T,A,C,T,C,C,G,G,A,A,G,G,G,T,T,G,G,T,T,C,A,T,C
452,T,A,C,A,G,C,G,T,A,G,A,T,T,G,A,C,T,T,T,G,T,A,A,C
453,C,T,G,A,T,T,A,A,T,C,T,A,G,T,T,G,G,T,C,T,G,C,A,T
454,A,G,A,G,G,T,G,A,G,G,G,A,T,G,T,C,G,C,T,C,A,T,T,A
455,A,C,A,G,T,A,A,A,G,G,A,G,G,T,C,A,T,A,A,A,T,C,A,T
456,T,T,A,T,T,G,A,G,C,C,A,G,A,T,C,A,C,C,G,C,C,T,C,A
457,A,A,A,G,G,A,T,C,G,C,C,T,G,C,A,G,G,G,A,G,G,C,A,T
458,T,T,G,G,G,G,C,A,G,T,T,T,G,T,A,C,T,C,A,G,A,T,A,C
459,T,C,T,A,T,G,T,A,G,G,A,C,C,C,A,T,T,A,C,C,G,A,A,G
460,T,A,G,T,C,G,A,G,T,G,A,A,A,G,G,A,C,T,T,T,C,T,C,G
461,G,T,A,A,T,A,C,T,C,C,C,T,G,C,G,T,G,T,G,T,A,G,A,A
462,C,C,G,T,G,A,C,G,T,G,T,A,C,T,G,A,C,G,A,C,T,G,C,A
463,T,G,C,T,A,T,C,A,A,T,C,G,G,G,C,C,T,T,G,C,G,C,T,G
464,G,G,A,T,G,T,T,C,C,C,G,G,C,C,C,C,A,T,G,C,T,G,G,G
465,A,C,C,T,C,C,A,A,C,G,T,A,T,A,A,G,C,A,T,T,A,T,A,T
466,G,C,T,T,A,T,T,C,A,A,G,A,A,T,A,G,G,C,T,G,A,C,T,T
467,T,A,C,A,A,C,T,G,T,T,A,T,G,T,C,A,G,C,C,C,G,C,C,G
468,A,A,A,C,G,T,A,A,A,C,A,C,A,C,A,G,G,T,A,T,C,A,A,C
469,C,G,T,G,T,A,C,T,G,A,G,C,A,T,C,A,T,C,G,T,C,C,A,C
470,A,C,G,T,T,A,C,A,A,A,C,T,G,T,A,C,G,A,A,G,T,C,C,C
471,A,C,T,T,C,T,A,T,G,T,T,G,T,A,A,T,A,A,A,T,A,C,C,G
472,A,A,T,C,T,T,T,C,T,A,C,G,C,T,A,C,C,G,A,T,T,C,T,G
473,T,C,G,A,C,A,A,G,T,T,T,G,T,T,A,A,T,A,T,G,G,G,T,G
474,A,T,T,A,C,A,A,A,C,G,C,C,G,T,G,A,T,C,G,A,C,A,C,A
475,A,C,G,T,C,A,T,T,A,C,T,A,G,C,T,A,G,C,A,C,G,G,T,C
476,G,C,A,A,G,G,G,A,G,T,A,C,T,T,G,G,T,A,A,T,C,T,A,T
477,G,A,A,A,T,A,G,C,G,G,G,T,C,C,C,G,G,C,T,A,A,A,A,C
478,C,T,C,G,G,G,A,G,T,C,T,C,A,G,T,T,C,G,A,C,T,C,G,G
479,T,T,T,G,T,G,A,A,T,C,G,A,T,C,G,T,A,C,G,A,T,C,G,C
480,G,G,G,G,A,T,T,G,A,C,G,T,T,C,G,G,T,A,A,G,A,C,C,C
481,T,C,G,G,A,A,G,A,C,C,G,G,G,G,A,A,G,G,C,C,G,C,A,T
482,T,G,T,A,C,A,C,A,G,T,G,T,C,T,T,T,A,C,A,C,A,G,A,C
483,C,G,T,A,T,C,C,C,G,T,A,C,T,C,T,G,C,C,A,T,T,G,T,G
484,C,G,T,A,A,G,G,T,A,G,C,T,A,T,G,T,T,T,C,C,G,G,G,A
485,A,A,A,C,C,T,A,C,G,T,A,G,C,G,G,C,G,C,G,T,G,A,A,A
486,A,G,C,T,T,T,T,A,T,C,T,A,A,A,G,G,A,C,T,A,C,G,C,T
487,T,T,T,A,A,A,C,G,G,A,C,G,A,C,T,T,G,A,G,T,A,C,A,C
488,T,G,T,T,T,C,A,C,A,T,C,T,T,G,C,T,G,G,G,A,T,A,G,G
489,T,A,C,T,T,C,T,A,G,A,T,T,A,G,G,C,G,C,G,C,G,G,C,A
490,G,T,A,G,A,T,T,T,A,G,T,G,A,A,A,T,G,G,A,T,C,T,G,A
491,T,T,T,A,G,G,T,A,G,G,T,T,G,T,C,A,C,T,T,T,G,G,A,C
492,C,A,G,T,G,T,A,T,G,A,T,A,T,A,A,G,A,A,C,C,A,C,G,A
493,G,T,C,T,T,G,G,C,A,G,G,A,A,C,C,G,T,A,T,A,A,A,A,C
494,G,A,G,C,C,T,T,A,T,G,T,T,T,T,G,C,A,C,T,G,T,C,G,G
495,G,C,T,C,A,C,C,T,T,T,G,T,A,G,C,C,T,C,T,C,C,A,G,C
496,T,A,T,G,T,T,C,A,C,T,C,A,T,G,C,C,C,T,T,G,G,T,G,A
497,T,T,G,G,T,A,G,C,N,C,G,G,T,C,G,G,A,A,C,T,A,G,G,G
498,T,C,C,T,C,A,T,T,A,T,T,C,T,T,G,G,A,T,T,A,T,C,C,A
499,T,G,G,T,C,G,A,G,C,A,A,G,A,C,C,G,T,C,A,A,G,C,T,G
500,C,G,C,A,T,C,T,G,C,T,G,C,T,G,T,G,G,G,A,A,A,C,G,G
501,G,G,T,G,T,G,A,C,T,C,C,G,A,C,G,T,A,T,T,A,A,G,G,T
502,C,T,G,C,G,C,T,G,A,T,G,G,T,T,A,G,C,A,G,G,C,T,C,G
503,C,G,G,A,T,G,A,G,G,A,T,A,G,A,C,T,A,C,G,G,G,A,A,G
504,G,T,T,T,C,C,T,T,C,T,A,A,C,T,G,C,T,G,G,A,C,G,A,T
505,G,T,T,T,T,A,T,G,T,C,G,A,T,C,C,G,C,T,C,G,C,A,G,C
506,G,G,T,G,A,T,T,A,A,G,T,T,T,G,G,G,G,G,T,A,T,T,C,A
507,G,T,T,A,C,G,A,C,T,A,A,A,A,G,T,G,C,G,T,T,A,C,G,A
508,G,T,C,G,C,G,C,T,T,A,T,G,T,A,T,T,T,C,C,G,A,C,T,G
509,A,A,T,C,C,T,A,C,G,C,A,G,T,C,C,A,T,T,A,G,A,T,T,G
510,C,G,G,A,C,A,G,A,T,T,T,A,T,T,C,C,G,T,T,A,G,A,T,A
511,G,G,T,A,A,T,G,A,C,G,A,G,A,G,G,A,T,A,G,G,G,G,C,A
512,C,A,T,T,N,T,T,A,T,A,G,G,T,A,T,G,T,A,G,G,A,G,C,T
513,A,T,G,T,C,C,A,T,C,G,A,T,A,C,T,T,C,C,A,T,A,T,C,C
514,G,G,G,G,A,A,C,A,G,C,T,A,G,G,G,C,C,T,A,A,T,T,A,C
515,C,T,G,T,C,G,G,G,C,A,A,A,C,C,T,C,T,A,C,C,C,G,T,A
516,T,A,A,T,A,T,A,G,C,G,A,C,G,T,T,T,C,A,C,G,T,T,T,A
517,C,C,T,T,A,G,T,A,A,T,C,C,C,A,G,C,C,A,G,A,C,T,A,T
518,A,A,A,G,C,C,A,G,A,T,G,C,G,T,A,T,T,C,T,G,A,C,A,A
519,A,C,G,T,T,A,C,C,T,C,T,A,G,T,A,G,A,A,A,A,G,T,G,T
520,A,T,A,G,G,A,T,G,C,T,A,C,A,G,C,T,G,G,T,C,C,A,C,A
521,C,T,G,T,G,A,T,G,T,T,A,T,C,G,T,T,G,C,A,A,T,T,T,C
522,A,G,T,T,T,T,A,A,A,G,G,C,T,A,A,G,A,A,A,A,A,A,G,G
523,G,T,A,T,G,A,T,C,A,G,G,G,C,A,T,G,C,T,G,C,C,T,G,C
524,C,T,T,A,C,T,T,T,C,T,A,T,C,T,G,A,G,T,G,T,T,A,G,G
525,A,A,G,T,A,G,T,T,C,A,T,T,C,C,C,C,A,C,C,T,C,A,T,C
526,G,T,A,C,G,G,C,C,A,C,A,G,G,C,A,G,G,C,A,G,T,C,C,C
527,T,G,T,T,A,A,A,G,C,T,G,T,G,A,G,C,C,T,G,A,T,G,G,T
528,A,A,A,C,T,C,G,A,A,T,T,C,G,C,T,G,C,A,A,C,A,C,T,C
529,A,T,G,T,A,T,A,C,A,C,G,T,C,A,A,A,C,A,C,C,C,A,G,T
530,A,G,G,T,T,G,C,G,G,G,T,A,C,G,G,C,C,G,T,C,G,A,A,C
531,C,A,T,C,G,A,A,T,T,T,C,T,G,G,T,T,A,C,C,C,C,C,A,T
532,C,G,C,C,C,C,A,C,T,C,G,C,A,A,C,T,C,T,A,T,G,C,A,T
533,C,T,T,T,G,T,A,T,G,G,C,T,C,A,T,C,G,C,G,C,C,A,A,A
534,T,G,T,G,A,G,T,A,A,C,C,A,C,T,T,T,C,C,A,C,A,T,G,T
535,G,T,C,C,A,A,G,C,T,T,T,T,A,A,A,T,A,T,A,A,C,T,A,A
536,T,C,T,A,C,C,T,A,C,G,T,A,T,T,T,C,G,T,T,T,A,A,G,T
537,A,G,C,T,T,G,T,T,G,T,A,T,C,G,A,C,G,C,T,A,A,A,C,A
538,A,A,C,T,A,G,C,A,A,T,C,C,C,G,C,G,T,G,C,T,G,C,T,C
539,G,T,T,T,T,A,G,G,A,A,G,G,G,C,G,C,T,C,A,C,C,C,T,A
540,C,C,G,A,T,C,C,G,G,T,C,T,C,G,C,T,C,C,A,A,A,A,A,C
541,C,A,C,G,G,A,A,G,T,T,A,G,G,G,T,C,C,T,T,A,A,G,T,G
542,C,A,T,T,T,A,G,A,A,A,C,G,A,C,A,T,T,A,C,T,T,T,A,C
543,A,G,T,T,T,A,C,G,T,G,C,A,C,A,C,G,A,C,A,G,T,G,A,C
544,G,A,C,A,A,C,G,A,A,A,T,T,T,C,G,G,G,T,C,G,C,C,A,T
545,C,T,T,G,G,G,C,A,C,A,T,T,T,A,G,T,T,C,G,C,C,T,C,A
546,C,G,G,G,G,T,A,A,C,C,A,C,T,A,T,T,G,A,A,T,G,G,G,G
547,T,A,A,G,C,T,G,C,T,C,G,A,G,T,T,A,A,G,C,G,C,T,G,C
548,A,G,T,T,A,A,C,T,C,A,C,G,G,T,C,T,A,A,T,T,T,G,T,C
549,G,T,C,T,T,A,C,C,C,C,T,T,C,G,C,G,C,A,A,C,A,T,A,G
550,G,C,G,T,T,T,A,T,A,C,C,C,C,C,C,G,A,A,C,A,C,T,T,G
551,G,A,G,G,C,C,G,T,G,T,G,C,C,T,T,A,G,C,A,C,A,T,A,A
552,T,T,A,A,T,C,G,G,T,T,T,A,T,C,C,T,C,G,A,A,A,G,C,A
553,C,C,T,T,T,A,C,A,A,A,G,G,C,A,A,C,G,A,C,G,G,C,A,G
554,T,A,A,G,G,G,A,T,T,A,A,C,A,A,C,A,G,T,A,A,T,C,C,T
555,C,A,T,A,A,A,T,C,G,G,T,G,A,C,T,G,C,G,T,T,G,A,G,G
556,A,C,A,A,T,A,C,C,A,T,C,G,C,C,T,G,C,T,T,T,G,A,A,A
557,G,G,G,T,G,C,C,C,T,C,G,T,C,T,C,T,C,T,T,G,T,T,A,G
558,A,T,C,C,G,G,C,G,T,C,T,T,T,A,T,G,A,T,T,T,C,A,G,C
559,T,A,C,T,C,A,C,G,C,C,G,C,T,A,T,T,G,C,T,G,C,C,C,A
560,A,G,A,C,T,C,C,C,C,C,G,T,C,C,A,G,G,G,T,G,C,T,T,C
561,T,G,A,G,G,G,T,A,G,T,G,A,A,A,T,G,G,A,A,C,C,T,C,T
562,G,T,C,C,G,C,G,T,A,A,C,G,G,G,C,T,A,C,C,G,G,G,A,A
563,A,G,G,C,A,C,A,A,G,T,A,T,A,G,C,G,C,T,C,A,A,C,T,T
564,G,T,T,G,A,G,G,C,C,T,A,T,C,A,C,C,G,T,G,C,T,G,A,T
565,G,C,C,G,G,T,G,T,G,C,C,G,T,T,T,C,C,T,T,A,A,C,A,T
566,G,A,C,G,G,G,A,T,T,C,T,G,T,C,A,A,A,C,C,T,C,C,A,C
567,T,T,T,N,T,G,G,A,T,G,T,G,T,T,T,A,A,A,A,T,T,A,C,C
568,A,T,T,C,C,A,T,G,C,T,T,A,G,C,G,T,T,A,A,C,C,G,C,C
569,T,A,A,G,T,T,A,T,C,C,T,T,A,T,C,G,C,T,C,A,T,A,T,C
570,C,A,C,C,G,T,G,G,A,A,G,G,G,T,A,T,G,C,G,T,T,T,A,A
571,G,G,A,T,A,A,A,A,C,C,C,T,G,C,A,T,C,G,A,T,T,T,G,T
572,A,T,G,C,T,C,A,C,T,A,A,T,G,G,T,C,G,T,A,A,C,T,G,A
573,T,T,C,T,C,G,G,G,C,C,T,T,T,T,C,T,G,T,A,C,C,C,A,G
574,C,A,G,T,A,C,T,A,A,T,T,A,A,A,T,C,G,T,C,C,A,A,A,A
575,A,T,A,C,C,T,A,T,G,T,G,T,T,C,A,G,A,T,T,A,G,T,G,T
576,G,T,T,T,G,A,G,C,A,T,A,T,C,C,C,G,C,G,A,C,G,A,T,C
577,C,T,G,T,A,A,A,G,C,A,C,C,C,A,A,C,T,A,C,C,T,G,T,T
578,G,A,T,A,C,T,A,T,G,G,T,G,T,T,G,T,G,C,T,A,C,T,G,A
579,A,C,C,C,A,T,T,T,G,C,T,C,G,A,A,A,C,A,T,T,A,A,C,T
580,C,A,T,A,C,A,T,C,C,G,G,T,G,G,T,T,T,G,A,G,C,G,A,G
581,C,T,T,A,T,T,C,T,T,G,T,T,C,C,C,T,C,T,G,G,A,G,A,A
582,A,T,A,C,T,T,C,G,C,T,T,A,T,G,T,T,T,C,T,G,G,A,G,C
583,G,T,A,T,C,T,T,T,G,G,T,A,G,A,C,T,A,C,G,G,T,G,T,C
584,T,G,G,A,T,A,T,A,C,A,A,C,G,A,T,C,G,T,T,C,A,C,G,A
585,T,C,T,A,T,G,C,C,C,T,T,T,A,C,C,G,G,G,G,T,C,G,C,T
586,A,C,T,A,G,A,A,G,C,C,A,G,C,G,C,A,A,C,A,C,C,A,C,T
587,T,G,C,T,G,A,C,A,C,T,A,T,C,C,G,T,C,A,T,A,C,A,C,G
588,A,C,C,G,C,T,G,T,G,T,C,T,T,T,A,C,A,G,A,C,A,G,T,A
589,C,C,A,T,A,A,A,A,G,C,T,A,G,G,G,C,G,T,C,G,T,T,G,G
590,G,T,C,G,G,G,A,G,T,G,C,G,C,G,C,A,A,A,T,G,A,C,T,A
591,G,A,A,A,C,G,T,T,C,T,A,C,C,C,T,G,C,A,G,G,A,T,G,G
592,C,C,G,C,G,G,T,T,A,T,T,G,G,A,A,T,A,T,A,A,C,T,C,A
593,C,C,C,C,C,A,C,T,T,A,C,G,A,G,A,A,C,T,C,C,T,T,C,T
594,C,A,G,A,A,A,A,A,A,T,A,C,T,T,T,A,T,C,G,G,C,T,T,T
595,A,C,C,T,A,G,C,G,T,T,G,T,T,A,G,A,A,A,C,G,C,C,G,G
596,G,G,G,G,G,A,C,A,C,A,C,A,T,A,A,A,A,G,A,C,A,T,T,A
597,A,G,G,T,G,G,T,A,A,G,A,C,T,T,A,T,G,A,G,A,A,G,C,G
598,T,C,A,C,T,T,T,G,G,C,T,G,G,C,G,A,C,T,A,T,C,G,G,G
599,T,A,G,C,G,A,C,C,A,G,T,G,T,T,A,C,C,T,A,A,C,A,T,A
600,G,A,G,T,T,A,A,C,A,A,G,T,C,A,A,A,C,C,C,T,T,C,T,T
601,C,T,G,C,C,T,G,C,A,A,G,C,T,T,C,G,C,A,T,G,G,A,A,G
602,C,T,G,C,G,T,T,T,G,G,G,T,G,C,C,A,C,T,A,A,T,G,T,A
603,A,C,A,A,C,A,G,T,C,A,C,A,T,A,G,A,T,A,T,T,A,A,T,T
604,A,T,C,A,G,C,G,T,T,T,C,A,A,T,A,T,T,C,T,C,T,C,A,C
605,G,A,C,A,T,T,A,G,A,G,T,T,T,C,C,T,G,A,G,A,A,T,G,T
606,T,T,A,C,G,A,C,A,T,A,T,A,C,C,A,A,A,T,G,C,C,A,T,T
607,A,T,G,G,A,G,T,A,C,A,G,T,A,G,A,G,T,T,A,T,A,A,C,C
608,T,T,T,T,A,A,C,A,A,C,C,A,T,T,A,T,A,T,G,A,A,T,A,G
609,T,A,T,T,A,T,T,G,A,A,T,T,A,C,T,C,T,T,A,C,T,C,A,G
610,A,T,T,A,G,G,G,G,T,A,G,G,G,C,G,C,A,C,G,C,C,T,T,A
611,C,T,G,T,T,T,G,C,G,G,G,T,C,A,T,G,A,A,G,G,C,A,A,G
612,T,A,T,T,T,T,C,A,C,G,T,G,A,G,A,A,C,T,A,C,A,A,T,G
613,G,C,A,T,T,C,A,G,G,A,G,A,T,A,G,G,T,G,T,A,T,T,A,C
614,C,T,T,A,T,C,C,C,A,T,T,C,T,T,T,G,C,A,T,G,G,T,G,T
615,A,T,C,A,G,G,A,C,A,G,A,C,G,A,G,G,T,G,C,G,G,C,C,G
616,C,G,T,G,G,A,T,A,A,A,A,T,C,C,G,T,G,G,G,T,C,C,A,A
617,G,G,T,T,T,T,A,A,G,C,G,T,A,G,A,T,C,T,G,A,C,A,T,C
618,G,G,T,T,A,C,C,G,C,T,C,C,C,C,A,C,C,A,T,T,A,A,T,A
619,T,A,T,A,G,T,C,T,T,T,T,C,G,C,T,T,T,C,C,A,C,G,C,C
620,T,T,T,T,A,G,C,C,G,C,G,T,G,G,T,A,G,T,T,C,T,A,T,A
621,G,G,T,A,T,C,G,G,T,C,T,T,T,G,A,T,C,C,G,A,G,G,A,T
622,C,A,A,C,A,A,C,T,A,A,A,T,C,T,C,C,G,A,C,G,A,A,T,G
623,A,G,T,G,T,G,C,T,C,A,C,A,A,T,C,G,T,A,G,A,G,A,C,T
624,T,C,T,T,G,T,T,G,A,A,G,A,A,T,T,T,T,A,T,G,T,G,G,G
625,G,A,G,A,C,C,A,G,T,T,C,A,A,T,G,C,T,C,T,G,A,C,T,T
626,A,G,G,G,C,T,T,C,A,A,G,T,C,C,T,T,T,G,T,T,G,T,A,C
627,G,C,G,A,A,A,T,T,A,C,T,C,A,G,C,G,G,A,A,G,A,G,A,C
628,G,C,A,C,G,C,T,G,C,C,T,C,G,T,A,C,A,G,G,C,A,G,T,C
629,A,T,T,C,C,N,A,C,A,A,C,T,G,C,G,G,T,T,T,A,A,G,T,A
630,A,G,A,G,G,C,C,G,T,G,A,C,C,C,C,G,A,T,C,T,G,C,G,T
631,A,A,T,C,A,N,G,T,C,C,T,T,A,A,T,T,T,T,C,T,C,A,G,A
632,A,A,C,A,N,A,G,T,A,A,A,T,A,A,A,C,T,C,C,A,T,A,T,T
633,C,T,G,A,G,C,G,C,T,G,A,T,G,C,C,C,A,C,A,T,T,T,G,G
634,T,C,C,T,A,G,G,G,A,G,C,T,C,T,C,C,G,T,T,C,G,A,A,T
635,T,A,A,G,A,G,T,A,G,A,G,A,A,T,A,G,C,T,G,G,C,G,C,C
636,T,T,G,C,A,G,C,C,A,C,T,G,C,T,C,G,A,G,T,T,C,G,T,T
637,T,T,C,A,T,A,T,C,T,T,A,C,A,A,G,G,T,A,G,A,A,A,C,A
638,T,G,G,C,C,T,A,C,T,T,G,G,T,G,T,C,G,A,C,C,C,C,T,C
639,A,T,G,G,A,C,T,A,T,T,T,T,C,T,G,T,G,G,G,T,C,G,A,T
640,A,G,T,T,A,A,A,G,C,C,G,C,G,A,A,T,A,T,G,A,N,C,A,T
641,T,T,A,T,T,T,A,A,T,A,A,A,A,A,A,T,A,A,G,T,N,C,T,A
642,T,A,G,T,N,A,T,C,N,A,C,A,C,G,T,T,A,T,G,G,A,T,G,T
643,A,A,C,T,N,C,C,A,N,T,C,T,A,C,T,C,G,C,T,G,T,T,G,C
644,C,A,A,T,T,A,G,A,N,G,A,G,A,A,T,T,C,G,G,T,A,A,G,A
645,G,G,T,A,T,C,A,G,N,A,T,A,T,T,G,A,G,G,G,C,T,A,T,G
646,A,T,C,C,A,A,C,T,N,C,C,A,A,G,G,T,A,C,C,T,A,C,A,T
647,G,C,T,A,A,G,T,G,T,T,C,C,G,A,T,T,G,A,G,T,G,C,A,G
648,G,T,C,G,G,A,T,C,G,C,C,G,T,G,A,C,C,A,T,T,C,A,G,G
649,A,C,T,A,A,T,T,G,A,T,A,T,T,N,T,A,A,A,C,G,G,G,G,C
650,G,T,A,A,A,A,G,A,C,C,G,C,G,T,T,A,G,A,A,T,T,T,T,T
651,T,T,G,T,T,C,C,T,C,C,A,G,C,G,T,C,C,C,G,C,C,C,T,G
652,G,A,C,N,A,T,T,T,C,G,T,A,A,C,A,T,A,T,A,C,A,G,A,A
653,A,T,C,T,A,C,G,C,C,A,C,A,A,A,C,A,A,G,G,G,G,A,T,G
654,T,A,T,T,T,G,G,A,G,T,T,G,A,A,G,T,G,T,G,A,G,T,C,C
655,T,T,C,T,C,G,A,T,G,A,G,T,T,T,C,T,T,A,A,T,A,C,G,A
656,A,G,C,A,C,C,T,A,C,A,C,G,C,T,T,G,G,G,T,G,C,T,T,C
657,T,G,G,C,C,A,A,T,C,A,A,A,A,C,T,C,T,G,G,C,C,T,A,C
658,T,A,C,T,G,G,C,A,C,C,A,G,A,G,A,G,A,T,T,A,A,T,C,G
659,T,A,T,C,A,C,C,A,A,C,T,A,G,G,T,G,G,C,G,T,T,T,G,T
660,C,C,G,G,C,G,C,A,A,C,C,C,G,A,C,T,T,A,C,A,G,A,T,C
661,A,C,A,T,G,C,T,T,A,A,C,A,T,T,G,C,T,G,C,C,C,C,G,C
662,C,C,T,T,T,T,G,T,G,G,A,C,G,C,C,G,G,C,C,G,C,C,T,T
663,C,T,G,T,G,G,C,C,T,A,G,C,C,G,C,A,T,C,C,C,A,C,G,C
664,C,A,A,C,C,C,T,A,T,A,A,T,T,T,T,G,A,T,G,T,T,A,C,A
665,A,G,T,T,T,C,G,C,C,C,C,A,C,A,T,T,T,A,G,T,C,A,G,C
666,N,C,T,G,A,G,G,A,A,A,T,T,T,C,A,C,A,A,T,T,T,G,G,C
667,G,G,G,A,T,A,T,C,C,T,C,T,C,A,T,C,C,A,A,A,G,C,A,C
668,T,C,T,G,A,A,C,T,G,C,C,T,T,T,A,G,G,T,N,A,G,A,A,T
669,C,G,G,C,T,A,A,C,A,A,A,T,T,T,G,T,T,T,N,G,T,T,T,A
670,A,T,A,T,G,T,G,C,T,A,G,G,G,T,C,G,C,C,C,G,G,C,G,T
671,A,T,T,T,G,T,T,C,G,C,A,G,A,A,A,C,G,A,A,A,A,A,A,T
672,T,T,T,C,T,G,C,T,G,A,A,A,C,C,T,A,G,A,G,C,T,T,C,G
673,A,T,T,G,G,T,C,A,G,A,T,G,A,T,T,C,A,T,A,T,A,T,G,C
674,T,A,T,G,A,A,G,A,T,G,G,C,G,A,T,C,G,A,T,G,T,T,T,A
675,C,C,A,T,A,A,C,C,T,G,A,T,C,A,G,C,A,A,A,C,G,G,T,C
676,N,G,T,T,T,G,C,T,G,A,A,G,T,C,G,T,T,A,C,G,T,T,A,T
677,G,G,T,C,G,G,A,G,T,C,T,G,A,T,C,G,G,A,A,T,A,C,A,T
678,A,C,A,T,A,C,A,C,A,A,C,T,C,C,G,A,A,G,G,G,C,G,T,A
679,T,G,T,T,A,A,T,T,C,G,C,G,G,G,A,A,G,G,A,C,C,G,T,G
680,T,C,G,T,C,G,A,T,C,G,A,A,A,A,C,A,C,A,G,C,T,G,G,C
681,G,G,T,A,G,C,A,G,A,C,T,G,T,T,A,T,C,T,C,A,C,G,T,A
682,T,G,C,C,C,C,T,C,G,C,C,G,G,C,T,C,A,A,C,T,T,T,G,C
683,C,G,T,A,A,A,C,A,G,G,G,T,T,T,G,G,T,T,T,C,C,G,A,A
684,G,T,T,A,A,G,T,T,T,G,C,T,C,G,A,G,G,G,A,C,A,G,A,A
685,A,A,C,C,T,G,A,A,A,G,T,T,C,A,T,C,C,C,T,T,G,T,T,N
686,A,A,C,T,C,A,C,G,G,A,A,A,A,A,G,G,T,A,A,C,G,G,C,N
687,N,A,T,C,T,G,G,T,G,A,A,C,G,T,A,T,A,T,C,C,A,C,T,A
688,G,T,C,T,C,T,A,A,A,T,T,C,T,T,C,G,C,A,T,T,A,T,G,A
689,T,C,T,T,C,G,C,T,G,C,A,A,G,T,C,A,C,A,G,G,C,G,G,G
690,N,T,A,T,T,T,G,A,C,C,A,G,A,C,A,T,T,A,T,T,T,A,A,A
691,C,A,G,G,C,G,G,A,T,C,T,G,A,T,A,N,G,T,T,C,G,G,A,T
692,N,A,T,T,A,T,G,T,G,G,C,C,G,T,T,C,T,C,C,C,A,G,A,A
693,A,G,A,T,A,T,C,C,C,C,T,C,G,T,T,C,T,G,G,G,T,C,C,G
694,A,G,T,G,A,A,C,A,A,C,G,C,T,A,G,G,A,T,T,T,A,A,A,A
695,A,C,G,T,G,T,T,T,T,T,T,G,A,C,C,T,T,A,G,C,A,A,T,T
696,G,A,T,G,T,G,A,T,A,G,A,G,T,C,G,T,C,C,C,C,G,C,C,C
697,A,A,G,G,A,A,A,A,C,T,G,G,G,G,A,A,C,G,G,G,G,C,T,G
698,A,A,G,C,T,C,C,T,A,G,T,T,G,G,C,G,C,C,C,G,C,G,G,C
699,G,T,A,C,C,T,T,T,A,T,C,G,C,G,C,C,T,T,T,A,C,C,T,A
700,T,T,T,T,T,C,C,C,T,G,T,G,T,C,C,G,A,G,C,T,A,C,C,A
701,A,A,G,T,C,C,C,A,G,C,C,A,T,T,T,T,T,T,G,G,C,A,A,C
702,T,A,T,C,G,C,T,C,C,C,A,T,A,G,G,A,A,A,A,A,C,A,G,A
703,C,G,T,G,T,A,T,C,T,T,A,A,A,A,T,T,G,G,A,T,G,C,G,C
704,G,A,C,C,C,G,T,A,C,A,A,T,A,A,G,C,A,C,A,C,T,C,C,G
705,G,T,G,C,T,T,G,C,N,T,C,G,C,A,G,T,A,G,T,A,G,A,T,G
706,T,T,T,G,C,A,C,A,N,C,C,T,G,G,T,A,T,A,G,G,C,C,C,G
707,C,T,G,G,G,A,C,A,G,T,A,A,T,A,C,A,C,C,G,C,T,A,T,G
708,C,A,A,T,G,G,A,A,C,A,G,A,T,T,T,A,G,C,G,A,T,G,A,A
709,A,G,A,G,A,G,G,T,C,G,G,C,C,A,T,C,T,G,C,G,A,A,C,C
710,C,G,G,C,C,T,T,A,G,N,C,G,A,T,G,G,T,A,A,G,G,A,T,A
711,C,A,G,A,T,T,C,A,A,C,A,T,T,A,A,T,T,C,C,T,G,C,C,T
712,T,A,T,C,A,T,T,C,A,T,A,C,A,G,T,T,T,G,T,G,T,A,C,T
713,G,T,A,C,G,A,G,G,T,A,G,C,G,C,G,A,T,C,C,C,A,C,A,G
714,A,C,T,A,A,C,T,C,A,A,T,A,A,G,T,G,G,C,C,C,A,G,C,C
715,A,A,A,T,A,T,C,T,T,G,C,A,G,T,A,C,T,C,T,C,G,A,A,A
716,C,A,A,A,A,T,C,A,A,T,A,C,G,G,C,A,G,A,C,G,A,C,G,T
717,C,T,G,C,A,T,A,A,C,G,A,A,T,C,C,T,C,T,T,G,T,G,A,C
718,G,A,C,C,G,G,C,A,G,T,C,T,C,A,A,C,T,G,T,G,T,C,A,T
719,G,G,A,T,T,T,C,C,G,G,C,G,C,A,C,C,G,A,A,C,A,G,C,T
720,G,A,T,C,T,T,T,T,G,C,T,A,A,G,T,G,G,G,A,G,T,A,G,T
721,C,T,C,C,C,T,T,A,T,G,A,T,G,C,G,G,A,A,A,T,T,T,T,C
722,C,C,A,G,G,A,A,G,T,C,C,C,C,A,G,T,T,T,C,A,G,T,A,G
723,T,C,C,C,G,C,T,A,C,G,C,G,T,C,T,C,C,G,T,A,T,A,T,T
724,T,A,G,T,C,T,C,G,C,G,C,C,C,C,T,G,G,A,T,T,T,A,T,G
725,C,G,A,A,T,G,A,C,A,G,C,A,A,N,G,T,T,T,A,A,C,C,A,C
726,T,A,C,G,T,A,T,A,A,T,A,G,G,C,G,A,T,T,C,C,G,A,T,G
727,A,G,A,G,T,T,G,A,A,C,T,C,G,C,N,A,G,C,C,A,G,C,G,A
728,G,T,C,G,A,T,G,A,G,C,T,A,C,T,C,T,A,T,C,T,A,A,G,A
729,G,T,T,T,C,T,A,C,A,A,C,G,G,A,T,A,A,A,T,G,T,C,T,G
730,T,G,G,C,C,G,C,T,C,T,A,G,A,A,T,G,T,C,C,C,T,G,C,G
731,A,C,A,C,C,G,T,C,A,C,T,C,T,T,A,A,T,A,G,G,A,A,C,G
732,G,T,T,A,C,C,A,A,T,T,A,A,T,C,C,T,T,T,C,T,A,C,T,A
733,T,C,G,T,C,T,T,T,G,A,G,A,G,G,A,G,A,T,T,T,G,G,T,T
734,A,C,T,G,T,T,A,C,G,T,C,C,N,T,T,T,T,T,T,C,G,C,A,T
735,C,G,G,C,T,G,A,C,C,G,A,C,N,T,T,C,A,G,T,A,A,A,A,T
736,G,A,C,G,G,C,T,C,G,G,C,A,G,A,T,T,G,T,G,G,T,A,G,T
737,A,C,A,G,A,C,C,T,G,A,T,A,G,A,A,G,C,A,G,G,C,G,T,A
738,C,T,G,C,A,A,A,A,G,G,G,T,A,G,A,A,T,T,A,C,G,T,G,G
739,T,G,T,G,C,A,T,G,G,T,G,A,G,A,A,T,A,A,T,A,G,T,G,T
740,T,C,C,G,G,G,G,T,G,G,G,T,T,A,G,A,C,A,C,C,T,G,C,G
741,G,C,G,A,C,C,A,C,G,A,T,C,T,T,G,T,A,C,C,G,T,A,C,T
742,A,C,T,G,G,C,A,A,C,A,C,A,T,A,C,G,C,T,T,C,T,G,A,G
743,C,A,A,A,G,A,T,A,A,T,G,C,G,C,T,G,A,C,G,C,C,C,G,C
744,T,C,T,C,G,T,C,G,G,T,T,G,G,G,A,C,A,G,A,T,A,C,C,T
745,T,T,G,G,G,G,G,G,T,A,G,G,G,G,G,T,C,C,A,C,G,T,C,G
746,G,A,T,C,T,T,G,T,G,C,C,A,G,A,A,G,C,C,T,A,C,G,C,T
747,C,G,T,C,G,T,T,G,G,C,C,A,G,A,T,A,A,A,T,A,C,G,A,A
748,C,T,A,A,G,T,T,G,T,A,T,C,C,T,A,T,G,G,A,C,G,T,A,A
749,G,T,T,A,A,A,G,T,C,G,T,A,T,A,A,C,T,G,G,A,C,A,T,C
750,G,G,G,C,G,A,A,A,C,C,G,C,T,C,A,G,G,A,C,C,T,A,G,G
751,C,C,C,C,A,T,A,T,G,C,G,T,C,A,C,C,A,T,G,G,G,A,A,C
752,C,C,C,C,T,C,C,T,G,T,A,T,T,N,G,G,T,A,C,G,G,G,A,C
753,T,G,A,A,G,G,A,T,C,T,A,C,C,T,C,A,A,A,A,T,C,G,C,G
754,G,G,C,A,T,G,A,T,C,G,T,C,T,G,T,A,T,A,A,A,A,A,G,G
755,C,T,G,G,A,G,T,T,G,A,C,C,G,A,T,G,G,A,C,T,T,C,T,G
756,T,G,A,A,G,C,A,G,T,T,A,G,C,C,A,A,C,G,C,T,G,G,G,C
757,C,G,A,A,A,A,T,C,A,G,T,G,A,C,C,C,C,T,C,A,C,G,G,T
758,C,A,G,C,A,T,T,C,A,A,T,C,T,A,A,A,A,G,T,C,C,A,C,T
759,G,T,A,A,C,C,T,G,T,G,G,C,T,G,G,C,N,T,T,G,C,C,C,C
760,C,A,A,A,A,T,A,A,G,C,T,T,A,T,A,C,T,T,A,G,A,T,A,A
761,G,T,G,A,G,G,A,T,G,G,A,A,T,A,A,C,C,A,C,G,G,T,G,A
762,A,A,G,T,T,G,C,T,T,T,A,T,G,T,T,G,T,T,C,T,T,G,G,C
763,G,T,G,C,C,T,A,G,G,C,T,T,T,T,T,T,C,G,C,C,G,G,T,G
764,T,G,A,T,G,C,A,C,C,C,C,G,A,A,T,G,G,A,T,C,A,T,T,A
765,A,A,T,C,A,G,G,A,A,A,C,T,T,C,G,A,C,C,A,G,A,G,G,T
766,C,C,T,A,A,G,A,T,A,A,G,T,T,G,C,A,G,C,T,C,A,A,T,G
767,G,T,C,A,T,G,T,G,T,C,A,G,A,T,G,A,A,A,C,T,C,A,C,C
768,C,A,C,A,C,C,A,C,T,A,C,C,C,T,T,C,C,G,C,C,C,C,T,G
769,C,C,A,T,G,T,C,T,A,G,C,C,C,T,A,A,A,G,A,A,G,T,C,T
770,T,C,G,T,A,C,G,A,C,A,G,G,A,G,T,C,T,C,A,C,A,T,T,C
771,C,A,T,G,A,C,T,A,T,G,C,A,T,G,C,G,T,C,T,A,T,C,C,C
772,C,G,C,G,T,A,C,A,T,C,T,C,C,G,C,G,C,T,C,T,T,A,A,A
773,C,T,T,T,A,A,T,G,G,G,G,G,T,G,T,G,C,T,G,C,G,T,T,A
774,C,C,C,T,G,A,T,T,A,C,T,C,C,A,G,A,A,G,T,T,C,G,T,C
775,G,G,T,G,A,A,C,T,T,C,T,T,C,T,G,A,T,C,G,T,A,A,G,T
776,C,T,T,T,T,C,G,A,T,A,C,A,G,C,A,T,A,G,G,T,C,T,C,A
777,T,G,G,C,G,G,T,G,G,C,C,C,A,A,C,T,T,C,G,G,C,A,A,N
778,N,T,A,C,C,C,G,T,G,A,G,C,A,A,T,T,C,G,G,T,T,C,G,A
779,G,T,G,A,G,A,C,T,C,C,A,C,A,C,G,G,G,A,G,T,G,A,T,T
780,T,C,T,T,G,G,G,C,T,T,C,G,G,C,A,A,C,G,A,G,T,C,C,A
781,A,T,G,A,A,A,G,G,C,A,T,T,T,G,G,T,G,A,G,A,C,C,G,A
782,C,G,A,G,C,T,A,A,G,C,T,A,C,G,T,T,A,A,G,G,G,C,G,T
783,A,G,G,C,G,T,G,A,C,G,A,T,C,A,C,G,G,A,A,C,C,A,G,A
784,T,G,G,A,T,G,C,T,G,G,G,C,C,A,C,T,A,T,C,G,C,T,A,C
785,T,G,A,G,G,G,A,G,C,T,G,A,C,A,C,A,C,A,A,C,T,A,T,G
786,A,C,C,A,T,A,G,A,G,G,C,C,C,A,C,G,A,A,T,T,G,C,C,G
787,T,G,T,A,A,G,T,A,G,G,A,A,G,T,C,G,A,C,T,G,T,G,T,G
788,A,T,T,A,C,G,G,G,C,G,T,A,A,G,T,G,C,G,T,T,G,G,T,A
789,G,T,G,T,A,T,T,T,C,T,A,C,C,C,G,C,G,G,C,A,A,A,T,C
790,A,C,T,C,G,A,C,T,A,A,G,G,G,C,A,T,G,G,A,G,C,T,G,A
791,A,G,T,A,G,C,G,A,A,C,G,C,C,G,C,C,A,C,C,C,A,C,T,T
792,A,T,C,G,G,T,G,T,G,G,A,T,T,G,T,A,A,G,G,T,T,T,G,C
793,A,C,T,A,C,G,T,C,G,A,C,C,C,A,C,G,C,C,T,T,A,T,C,T
794,C,A,C,T,G,A,C,A,C,G,A,C,G,C,G,G,T,C,A,G,C,G,C,T
795,T,A,T,A,C,G,C,T,C,T,A,G,C,C,G,G,G,T,T,A,T,T,A,G
796,C,C,C,G,T,C,G,C,C,G,T,A,G,C,C,T,T,C,G,C,A,C,A,A
797,G,T,C,A,C,A,A,A,C,G,G,A,C,C,C,A,G,T,T,A,C,T,G,T
798,A,A,T,G,G,C,C,C,C,A,A,C,A,G,T,T,A,A,A,C,A,G,C,G
799,T,G,T,A,A,A,A,G,C,C,G,G,C,G,A,C,C,T,C,G,A,C,A,C
800,T,T,C,T,T,C,G,C,C,G,G,T,T,T,C,T,G,A,A,C,T,T,C,A
801,A,A,G,C,G,C,A,C,A,C,A,T,T,A,T,G,A,G,T,T,G,G,C,G
802,C,A,G,A,A,C,G,C,G,G,C,G,C,G,C,G,G,G,A,C,G,A,G,G
803,T,T,C,G,G,T,A,T,T,G,C,A,C,A,T,C,T,A,G,A,G,C,G,N
804,C,A,T,G,G,G,A,A,T,A,C,G,C,C,C,A,A,C,G,A,T,G,C,G
805,T,G,C,N,G,C,C,G,G,T,T,G,G,N,A,A,G,A,T,C,A,G,A,C
806,A,G,A,T,A,T,T,T,A,G,G,A,C,A,C,T,G,G,T,G,A,T,T,G
807,A,T,C,T,G,T,C,C,C,C,A,G,A,G,T,T,G,C,C,C,T,G,T,T
808,A,C,A,T,A,A,T,G,C,G,C,C,T,G,T,G,C,G,A,A,C,A,A,T
809,A,G,C,G,A,A,A,T,A,G,G,G,G,A,C,C,T,A,G,A,C,T,T,T
810,C,G,A,A,G,G,T,A,A,A,T,A,G,A,G,C,A,C,C,A,G,T,C,G
811,A,T,T,G,G,C,G,G,G,T,T,C,T,C,G,T,T,A,T,G,T,T,A,C
812,G,G,C,C,G,G,C,G,G,A,T,T,G,C,C,C,C,G,G,C,A,A,T,G
813,T,T,G,G,A,T,A,C,C,G,A,T,C,T,T,T,C,T,T,T,A,C,C,A
814,C,T,A,G,A,G,G,C,G,C,T,A,A,A,C,A,C,A,G,T,A,T,C,A
815,T,C,A,C,A,A,T,G,A,T,G,T,A,G,A,T,C,A,C,A,C,A,G,G
816,T,T,T,A,A,A,T,C,A,C,G,A,C,A,C,T,T,T,C,G,A,T,T,A
817,T,C,G,C,C,C,C,A,A,T,G,A,T,T,A,A,C,A,G,T,G,T,A,A
818,C,A,A,T,G,T,G,C,G,T,C,G,G,A,G,T,G,T,T,C,A,C,A,T
819,A,A,A,C,T,A,T,A,T,C,T,G,G,G,T,A,C,G,C,G,G,C,A,T
820,T,G,A,T,A,A,T,C,G,T,C,T,C,A,A,A,G,G,C,G,C,T,C,C
821,C,A,T,C,A,G,A,A,G,T,G,A,A,G,T,A,T,G,T,T,C,G,T,A
822,A,T,T,T,T,G,A,C,A,C,G,T,A,T,T,G,G,C,G,G,G,C,A,A
823,A,T,G,T,G,G,G,C,T,G,C,T,A,T,G,G,A,A,C,C,T,A,G,C
824,C,G,T,C,T,T,T,T,T,A,A,G,T,G,T,G,T,T,A,T,C,G,T,A
825,A,T,G,G,A,T,T,G,T,A,C,G,T,A,C,C,T,A,T,G,C,A,G,C
826,G,T,C,G,G,G,A,G,G,C,T,T,T,A,A,T,A,C,C,T,C,G,G,G
827,C,G,A,G,C,A,C,T,T,A,C,T,A,A,G,C,C,T,A,A,T,T,G,A
828,A,G,C,T,G,A,T,A,C,G,G,T,T,C,A,T,C,C,C,G,T,T,T,G
829,G,G,G,A,T,T,G,G,T,T,A,C,A,T,T,G,T,A,A,A,G,C,G,A
830,C,T,T,G,G,G,G,A,A,T,A,C,G,G,T,T,G,G,C,C,T,T,T,A
831,C,T,C,A,T,C,T,T,G,A,A,T,T,C,T,C,T,T,A,A,T,T,T,G
832,T,T,T,T,C,C,G,T,A,T,A,A,C,A,T,G,A,T,T,T,T,A,G,T
833,T,A,C,A,C,C,A,G,C,C,G,T,A,G,T,T,G,A,T,C,A,G,C,T
834,A,C,A,T,C,C,C,A,A,A,T,C,A,A,G,A,A,T,T,C,T,A,C,G
835,G,A,T,T,T,T,G,T,T,G,G,C,A,C,A,T,G,T,G,A,C,A,T,T
836,C,A,A,C,C,A,C,G,C,T,C,T,G,G,G,C,A,A,G,C,T,C,A,C
837,C,C,C,G,G,T,A,G,T,C,T,A,T,C,G,G,T,A,T,C,T,T,T,A
838,G,G,G,A,C,T,A,T,A,G,T,C,C,G,T,C,A,G,G,A,G,C,G,G
839,T,G,C,G,C,T,C,T,C,A,C,C,A,G,A,C,G,T,G,G,T,C,A,A
840,G,A,A,C,G,T,A,G,A,T,G,G,C,T,A,G,A,T,A,C,C,G,T,T
841,A,T,G,G,T,A,T,G,A,T,T,G,T,G,A,C,C,C,A,G,A,G,G,T
842,A,C,G,G,C,A,G,T,A,A,C,C,G,C,A,T,A,T,T,A,C,T,T,A
843,A,C,C,G,C,G,A,A,C,A,G,C,A,A,T,G,T,A,G,A,A,A,C,C
844,G,T,G,A,A,G,C,A,C,A,T,A,T,C,C,C,C,C,C,G,C,G,T,A
845,G,T,T,G,A,C,C,A,G,C,T,G,T,G,C,C,C,G,T,T,T,T,G,T
846,T,A,A,A,C,A,G,T,A,A,G,G,A,G,G,A,T,G,T,C,T,A,C,C
847,G,C,C,A,G,C,A,T,G,A,A,T,A,G,T,A,A,A,T,C,T,T,T,T
848,G,C,A,T,A,T,C,G,G,T,A,T,A,A,A,T,T,A,A,A,A,G,A,C
849,A,T,G,C,A,C,T,G,T,A,T,C,C,A,A,G,A,C,C,C,A,C,C,G
850,C,T,C,T,C,G,A,T,C,T,A,G,A,C,A,A,T,A,A,C,T,C,A,G
851,A,A,A,T,T,T,C,T,A,A,A,G,G,A,G,C,G,A,T,A,G,C,C,T
852,G,C,A,G,G,G,T,A,C,C,A,T,T,C,G,A,A,G,T,A,C,C,T,A
853,T,C,T,C,T,G,A,C,G,A,A,C,G,C,T,G,C,C,C,T,T,C,T,T
854,G,G,A,C,A,T,G,T,A,G,A,C,C,T,T,T,G,T,T,C,T,A,G,A
855,N,C,A,G,C,C,T,A,A,A,A,A,C,C,A,A,G,C,C,C,A,T,C,C
856,A,T,T,C,T,T,C,A,G,A,A,T,C,T,T,C,T,A,G,G,A,C,A,C
857,A,T,C,A,T,A,C,A,G,T,T,G,G,T,T,G,T,G,C,G,G,C,C,T
858,A,C,A,T,C,C,G,T,T,T,T,T,G,C,T,A,A,A,A,T,C,A,C,C
859,A,G,A,G,T,C,A,T,C,A,T,A,G,C,C,G,A,C,T,G,G,G,A,A
860,A,C,G,C,C,T,G,A,G,T,C,T,G,C,A,A,C,T,T,A,G,A,T,G
861,T,A,T,A,G,C,C,G,C,C,A,C,C,A,A,A,G,C,A,T,T,G,G,C
862,C,A,G,G,A,C,G,T,C,C,A,T,C,A,C,A,G,G,C,G,T,C,G,A
863,T,C,A,T,A,A,T,T,A,C,A,G,T,T,G,G,G,C,C,T,G,G,A,C
864,A,A,C,G,T,A,A,A,C,G,T,G,G,A,T,C,A,T,C,A,G,C,G,A
865,A,G,G,G,C,C,A,T,A,C,G,G,A,T,A,A,C,T,A,A,T,A,T,G
866,A,G,G,C,T,T,T,C,T,A,G,C,G,G,C,G,C,C,T,G,G,C,A,A
867,C,T,G,C,C,T,C,A,G,C,G,G,T,G,T,T,C,C,G,T,T,A,C,A
868,A,A,T,A,C,G,G,G,A,G,C,C,G,T,A,T,A,G,A,A,G,T,C,G
869,C,A,A,A,C,T,T,G,A,C,T,C,A,C,G,C,A,T,C,C,A,A,T,T
870,N,T,G,A,C,A,T,C,G,G,G,T,C,C,A,A,C,T,G,T,G,A,G,C
871,T,C,G,A,C,C,G,T,G,A,G,T,G,A,T,C,T,T,C,G,C,A,G,G
872,C,A,T,C,C,G,G,T,T,T,C,A,C,C,T,G,A,C,T,G,A,A,C,T
873,T,G,A,C,C,G,C,C,G,C,T,T,C,G,A,T,C,C,T,C,T,A,T,C
874,T,C,A,C,C,T,T,T,G,A,T,A,G,T,C,C,G,G,T,T,G,T,G,T
875,C,A,G,A,C,C,G,T,G,A,A,T,G,A,C,A,G,T,T,A,A,T,G,T
876,A,T,T,G,T,A,A,G,C,T,T,C,G,A,G,A,A,T,G,A,G,A,T,T
877,C,G,C,A,A,G,T,G,A,G,G,G,G,G,T,C,T,G,T,A,G,A,T,C
878,C,A,G,G,A,T,G,A,C,A,A,G,G,G,C,T,T,C,A,A,C,C,C,G
879,G,C,T,G,C,T,C,A,T,G,A,A,C,A,A,T,C,A,C,C,G,T,C,A
880,C,G,G,C,T,A,A,A,G,A,T,T,C,T,T,C,G,G,A,A,C,G,T,C
881,C,C,T,A,T,T,G,A,G,C,G,T,A,G,T,A,T,T,G,A,C,C,T,A
882,G,A,A,T,T,A,C,C,T,A,A,C,A,G,A,A,T,T,G,C,C,G,C,C
883,A,A,A,C,A,A,A,G,G,A,T,C,T,T,A,A,G,A,A,A,C,G,T,G
884,A,T,G,G,T,T,A,C,C,G,T,C,A,A,T,C,A,A,G,C,C,T,T,G
885,C,T,G,G,G,T,C,A,G,T,C,T,G,G,G,A,C,A,G,A,C,C,G,A
886,G,C,A,C,T,C,G,C,T,G,A,A,A,A,A,T,C,T,A,C,A,T,C,T
887,T,A,T,A,G,C,A,G,A,C,G,G,G,T,A,A,A,A,G,T,G,A,T,T
888,G,C,G,A,A,G,T,A,A,T,T,G,G,G,C,A,A,T,A,A,T,G,A,C
889,T,A,T,C,G,A,G,T,A,C,C,T,T,C,G,A,C,G,G,G,A,G,G,A
890,G,A,A,T,C,G,C,A,A,G,A,A,G,T,G,A,C,T,T,T,T,T,A,G
891,G,C,A,C,G,T,A,T,C,G,C,G,T,C,C,T,G,T,T,G,G,A,T,C
892,A,C,G,A,A,T,G,T,T,A,G,T,C,A,G,T,A,C,A,A,A,T,A,G
893,T,C,A,C,C,C,G,G,A,C,T,T,G,T,C,T,C,A,T,C,G,C,A,G
894,T,G,A,T,T,C,G,T,G,C,A,G,C,C,T,G,C,T,C,C,A,C,G,C
895,C,T,A,C,T,T,G,C,G,G,A,T,T,T,T,C,C,T,G,T,A,A,A,C
896,A,G,G,A,T,A,A,C,A,A,G,A,G,G,C,T,T,G,T,C,A,T,T,A
897,C,T,T,T,A,T,G,T,G,A,A,C,T,C,C,A,C,C,A,T,G,T,A,C
898,G,T,A,G,T,A,T,C,C,A,A,A,G,A,A,T,A,A,G,A,G,A,C,G
899,A,T,C,A,A,C,C,G,A,T,G,T,C,C,A,G,A,A,G,C,G,T,A,G
900,C,G,A,G,G,G,A,A,G,T,A,T,T,G,G,G,C,T,T,T,T,T,A,G
901,T,C,A,C,C,G,G,G,C,G,A,A,G,C,A,T,C,T,C,A,T,A,T,T
902,T,A,T,T,A,C,C,C,G,A,T,C,G,C,T,G,C,T,A,T,A,A,G,T
903,G,A,G,A,T,T,T,G,C,T,A,A,G,T,A,C,C,A,C,C,T,T,A,C
904,T,A,T,A,A,G,A,C,C,C,G,A,C,G,T,G,T,C,G,C,G,C,A,A
905,G,C,G,C,A,G,C,C,A,A,T,G,G,G,T,G,C,A,T,C,A,T,A,C
906,A,G,A,C,C,C,A,A,A,G,T,C,A,G,C,A,C,G,T,T,T,C,N,T
907,A,G,A,A,A,T,G,A,T,T,C,A,C,A,A,T,C,A,A,A,T,A,N,C
908,T,G,G,G,G,T,G,G,C,G,G,T,G,C,C,G,G,G,T,T,T,A,T,G
909,G,T,A,A,A,A,C,C,C,A,G,G,T,G,C,C,A,T,T,G,G,G,G,N
910,A,G,T,G,A,A,A,A,A,G,T,T,A,A,C,G,T,A,C,G,G,A,A,A
911,A,A,C,C,C,C,T,A,G,T,T,A,A,G,T,A,T,T,A,T,T,A,C,T
912,T,A,C,A,T,G,G,G,A,G,C,A,T,G,G,A,A,G,C,C,A,A,G,C
913,A,T,G,G,T,C,G,T,A,G,G,C,A,A,G,G,C,G,A,T,A,G,C,C
914,T,T,C,T,N,C,C,T,G,A,A,G,A,T,T,C,A,T,A,C,C,C,A,C
915,C,T,A,G,A,A,T,C,T,A,G,A,T,T,T,C,T,C,C,A,A,G,C,A
916,G,G,C,G,T,A,T,A,A,G,T,G,G,T,A,A,T,T,C,G,C,A,T,G
917,T,G,A,T,G,G,A,A,G,A,T,G,A,C,G,A,T,T,T,G,C,A,C,G
918,T,T,C,A,G,T,A,C,C,A,A,G,G,A,A,G,T,A,T,G,C,A,C,T
919,C,T,A,T,T,A,T,T,T,C,C,C,C,T,A,T,T,A,C,G,A,T,A,C
920,C,T,A,A,C,T,G,C,G,G,G,G,T,T,A,A,G,C,A,C,T,G,C,C
921,G,G,G,A,C,T,T,G,A,T,C,C,T,C,T,T,C,C,C,A,C,A,A,G
922,G,C,T,C,T,C,C,G,T,A,G,G,A,C,C,A,T,T,A,A,C,G,G,T
923,T,A,T,T,C,T,A,G,G,A,G,C,T,C,A,C,A,T,T,A,C,A,A,A
924,T,G,C,A,C,G,G,A,G,C,T,A,G,A,T,G,T,G,A,G,A,C,A,G
925,A,A,A,T,A,G,T,C,T,A,C,T,C,G,A,G,G,A,T,A,T,A,C,T
926,A,G,A,A,A,C,T,G,A,A,A,G,A,C,T,T,A,G,G,T,C,C,T,G
927,A,T,G,G,T,A,G,T,C,G,C,T,T,T,G,G,A,G,T,T,T,C,G,A
928,T,C,A,C,A,A,A,G,G,T,C,C,A,G,T,A,T,A,T,A,T,T,A,T
929,T,C,C,G,C,G,T,A,G,A,G,T,A,G,A,G,C,T,A,C,C,A,G,T
930,T,G,G,A,C,T,A,A,C,A,C,C,A,A,G,G,A,A,T,T,C,C,T,G
931,T,A,C,G,C,A,T,G,G,A,A,C,A,G,C,C,G,T,A,G,G,G,G,T
932,T,T,C,T,G,T,A,C,T,T,G,T,T,T,T,A,A,G,T,C,C,C,A,G
933,A,T,A,T,G,G,C,C,C,T,A,G,G,C,T,A,T,C,G,A,G,G,T,T
934,T,C,G,C,A,C,G,G,A,C,C,A,G,C,T,G,C,T,C,C,A,C,C,T
935,T,G,G,A,A,C,C,A,T,T,T,G,G,T,G,T,A,C,A,A,C,C,A,A
936,T,G,G,T,T,G,G,C,C,G,T,G,G,G,G,G,T,A,C,A,T,T,C,T
937,C,G,C,G,C,T,A,C,T,G,A,T,G,T,T,T,T,A,T,G,G,C,G,C
938,T,G,A,A,T,A,C,G,T,A,G,T,T,G,G,C,T,A,A,G,A,G,C,C
939,C,A,C,G,G,A,T,C,T,C,G,C,C,A,T,T,T,T,G,C,T,C,T,A
940,A,G,C,A,C,T,A,G,G,G,C,G,A,G,G,C,G,T,G,T,G,A,A,G
941,C,C,T,A,G,A,C,C,A,C,A,T,T,A,C,G,C,T,T,G,C,T,C,C
942,N,A,A,T,A,G,C,G,G,C,C,C,T,T,T,C,T,G,C,T,T,C,T,G
943,C,G,G,T,T,T,C,C,A,C,T,G,G,G,C,A,T,C,A,C,A,A,A,C
944,A,T,C,C,C,C,T,G,T,G,G,G,G,C,G,T,G,T,A,T,T,A,C,C
945,T,A,C,A,A,G,G,G,A,A,C,G,C,C,C,A,G,G,A,C,T,A,A,C
946,T,A,G,T,C,G,T,T,C,T,T,G,G,C,A,A,C,C,G,A,A,A,A,C
947,C,A,G,C,T,A,A,A,A,G,C,T,T,T,A,T,T,C,A,G,T,T,A,A
948,A,A,A,A,A,C,C,C,T,C,C,A,G,A,G,T,T,T,G,C,C,T,T,T
949,C,C,A,T,T,T,T,A,C,A,A,T,T,A,T,A,G,G,T,C,G,A,C,G
950,C,C,T,T,T,T,G,A,C,A,A,C,C,G,C,T,C,A,G,T,G,A,G,A
951,C,C,G,A,T,C,G,T,C,T,C,T,G,G,G,A,T,T,C,T,T,T,T,C
952,G,G,T,T,G,G,G,G,C,A,G,T,T,A,A,A,C,G,T,A,A,G,C,C
953,G,G,G,A,A,G,A,A,T,T,T,G,A,A,T,G,C,T,T,C,G,G,A,G
954,A,C,A,C,C,T,A,T,A,A,G,T,T,A,A,C,T,T,C,G,A,A,T,T
955,A,C,G,A,C,T,C,C,T,G,C,A,G,C,G,T,G,A,T,A,T,A,T,T
956,C,A,C,T,T,T,G,T,T,C,G,G,C,A,C,T,A,T,C,C,T,G,C,C
957,A,C,T,A,G,T,G,T,C,T,A,A,C,A,C,C,G,A,A,T,G,G,T,C
958,C,C,C,C,G,T,T,T,C,C,G,G,A,T,A,T,G,A,A,C,T,A,C,G
959,C,C,T,C,T,G,C,T,T,G,T,C,C,A,A,C,A,T,C,T,C,A,G,A
960,G,T,C,C,C,A,T,T,T,A,A,C,A,T,A,C,C,T,A,G,C,A,C,T
961,A,C,G,A,A,A,A,A,T,C,T,T,C,T,A,G,G,G,A,G,G,T,C,G
962,T,T,T,A,C,C,A,A,G,C,T,A,A,G,T,G,A,T,T,G,C,A,C,G
963,G,G,G,G,C,C,A,A,C,G,N,T,A,C,A,T,C,T,A,G,G,T,A,G
964,C,C,G,C,T,T,T,A,T,A,G,A,A,T,A,T,T,A,T,A,C,T,G,A
965,C,T,G,T,C,G,C,T,T,C,T,T,G,G,C,G,A,C,C,C,T,A,G,T
966,C,A,C,T,T,A,G,T,T,T,T,C,T,G,G,T,T,T,G,A,A,C,T,G
967,A,G,A,C,A,G,A,A,T,G,A,G,G,A,C,C,C,A,T,G,T,A,A,T
968,G,A,C,C,C,C,G,G,G,T,G,A,G,T,G,C,T,T,T,A,T,G,T,G
969,G,A,C,C,C,T,T,G,T,T,A,T,A,C,A,G,T,T,T,C,T,A,T,C
970,C,C,C,C,C,A,T,T,T,T,C,C,A,A,T,G,C,A,G,T,G,G,T,C
971,T,T,A,C,C,T,A,T,C,T,A,C,C,C,A,A,G,T,A,G,T,C,A,C
972,T,A,T,T,G,C,T,A,T,G,A,C,T,C,T,G,C,A,A,A,T,G,G,A
973,C,T,T,G,T,G,C,A,G,C,A,T,C,G,G,T,C,A,C,A,T,T,C,T
974,C,T,C,G,G,C,G,C,T,G,A,A,G,G,G,T,T,T,T,G,C,C,G,A
975,A,C,G,C,A,A,T,G,A,A,A,A,T,T,C,T,G,C,C,T,A,G,T,A
976,C,T,T,G,G,C,T,G,G,G,T,A,T,A,C,G,A,A,A,G,A,C,C,G
977,T,A,G,T,A,T,T,C,C,A,T,A,C,A,C,A,A,C,A,T,A,G,G,C
978,G,C,A,T,G,C,T,T,T,T,T,G,A,A,T,C,T,T,C,A,T,A,T,C
979,T,A,T,A,T,G,C,A,T,T,T,A,G,A,C,C,T,G,T,C,G,G,G,T
980,T,T,A,A,A,C,T,G,G,A,G,A,G,G,T,T,A,T,C,C,T,C,G,T
981,A,A,T,C,G,A,G,A,A,T,T,G,A,G,C,C,T,A,T,C,A,G,T,C
982,G,C,T,T,G,C,A,G,C,A,C,C,T,A,C,T,G,T,A,G,G,T,N,C
983,A,T,A,A,A,T,A,T,A,T,T,G,A,T,C,C,G,A,C,G,A,G,A,T
984,T,G,A,T,G,A,G,T,A,T,A,A,T,G,A,A,A,G,G,G,A,T,T,T
985,T,T,C,T,A,A,G,G,A,A,A,G,T,G,C,T,T,C,A,T,A,G,G,G
986,T,C,G,A,C,A,A,T,T,T,C,A,T,C,G,T,T,A,C,A,T,A,T,A
987,T,G,T,G,G,C,G,G,C,A,G,T,A,C,G,G,A,G,C,A,G,G,T,C
988,G,A,G,C,G,T,C,C,T,C,G,G,C,A,T,G,T,T,G,C,C,G,G,T
989,T,T,A,T,C,G,A,A,T,T,G,A,C,T,G,A,A,C,G,T,A,C,A,T
990,T,G,T,C,T,T,G,G,A,T,C,G,A,T,A,G,A,A,A,T,C,T,G,A
991,A,C,C,T,C,A,A,G,C,T,T,G,G,A,A,G,G,A,A,C,A,C,G,G
992,C,G,G,C,C,T,G,G,A,C,A,G,T,A,T,G,G,A,A,G,T,T,G,G
993,A,A,C,A,G,A,T,C,G,A,T,G,A,A,A,G,T,A,T,G,G,G,C,G
994,C,A,T,C,A,T,T,C,A,A,A,C,C,T,G,A,A,C,A,T,G,A,T,T
995,A,G,A,G,G,T,A,C,A,A,T,C,G,T,A,G,T,A,G,G,T,T,G,G
996,T,A,T,G,C,T,A,T,T,A,G,G,G,T,A,G,C,A,G,A,C,A,G,C
997,T,A,G,C,G,A,G,G,G,A,T,C,A,C,A,A,A,A,A,C,T,C,C,G
998,G,T,T,G,T,C,T,A,G,A,A,C,C,T,T,A,C,A,T,G,C,G,A,G
999,A,T,T,G,T,T,C,T,T,T,T,A,A,T,G,A,T,T,T,G,T,G,G,C
1000,T,T,A,T,A,C,A,G,G,G,C,C,C,G,G,A,T,C,C,T,C,T,T,A
1001,T,C,C,A,T,T,C,T,G,G,T,A,A,G,T,A,T,C,C,A,T,C,C,G
1002,C,A,A,T,T,A,G,G,C,G,T,A,C,A,C,T,C,G,T,T,T,A,G,G
1003,T,T,G,C,A,C,G,G,T,T,T,C,C,C,C,C,C,A,T,A,C,G,C,T
1004,T,C,A,T,A,G,A,C,G,A,T,C,A,T,T,G,A,C,A,C,G,T,C,T
1005,A,C,C,G,T,C,C,A,G,T,C,C,A,T,T,C,A,T,C,A,C,G,A,T
1006,T,T,C,G,T,G,C,T,A,T,T,T,A,C,G,T,C,G,A,G,T,A,T,T
1007,A,C,C,C,G,T,C,T,T,A,C,T,T,A,C,T,G,A,A,C,T,T,A,T
1008,A,T,G,A,T,A,T,C,T,G,G,T,T,T,A,C,C,A,A,T,T,A,A,T
1009,A,C,A,T,G,T,A,G,T,A,A,A,C,C,G,G,C,A,C,T,A,C,A,A
1010,A,C,G,A,A,T,G,A,A,A,G,G,T,A,T,G,A,C,A,T,C,G,C,C
1011,C,T,A,A,G,C,G,G,A,A,C,A,A,A,T,T,C,T,C,A,T,A,G,T
1012,C,G,C,G,C,C,A,A,G,G,C,G,G,A,A,C,T,G,A,A,G,G,C,C
1013,T,G,G,T,G,C,C,G,T,C,T,G,G,G,T,G,C,C,T,A,A,G,A,G
1014,C,A,T,G,T,C,T,G,A,G,A,C,G,C,T,A,A,A,A,C,G,G,G,G
1015,C,T,G,T,A,T,T,G,T,G,T,A,G,A,C,A,T,T,G,G,A,C,A,G
1016,A,A,C,G,G,G,C,A,T,T,G,A,T,T,G,G,A,G,A,A,C,A,G,G
1017,A,G,A,C,T,C,T,G,C,A,T,C,A,A,A,T,G,G,A,T,C,C,A,T
1018,C,T,A,T,A,G,A,A,T,A,A,G,C,A,A,C,T,T,T,G,A,C,C,T
1019,T,C,T,A,A,C,G,T,A,C,T,T,G,G,A,T,A,T,A,A,G,C,T,T
1020,G,G,A,T,A,G,A,G,T,T,C,T,G,A,A,A,T,T,C,T,A,G,C,T
1021,G,T,C,G,G,A,T,G,C,C,C,C,G,G,T,T,T,T,T,A,G,G,T,A
1022,G,C,G,G,A,C,T,G,C,A,C,T,C,A,T,A,A,C,C,C,T,A,T,T
1023,C,A,A,T,C,A,C,C,A,G,G,C,G,G,T,G,C,T,T,T,C,T,A,A
1024,T,A,G,T,T,G,T,A,T,C,G,T,C,A,C,C,A,C,G,G,G,T,A,G
1025,C,A,T,T,G,G,A,G,C,A,G,T,G,A,A,T,T,T,G,T,T,A,C,C
1026,T,T,T,A,A,T,C,A,A,T,A,T,T,T,A,A,T,C,T,A,C,G,A,T
1027,N,C,T,T,C,C,G,T,C,A,C,G,T,T,T,A,T,G,G,T,G,C,C,A
1028,G,T,A,G,C,G,G,A,T,G,T,T,T,T,C,A,T,C,T,C,T,T,G,G
1029,A,C,G,A,T,C,C,G,T,C,A,T,C,A,G,T,G,T,G,G,C,G,A,T
1030,T,G,A,G,T,A,A,A,T,T,T,A,A,A,T,A,T,G,A,A,A,G,A,G
1031,C,C,A,A,A,A,A,G,T,G,C,T,A,T,T,A,G,G,G,G,A,T,C,G
1032,G,T,C,A,A,T,G,T,A,G,T,T,T,A,G,T,A,C,C,T,A,T,T,A
1033,C,G,C,G,C,G,C,T,A,A,G,T,A,C,T,T,G,A,G,T,G,C,G,A
1034,A,C,T,C,A,G,A,G,G,G,A,A,A,G,C,C,A,T,A,T,A,G,G,C
1035,T,A,A,A,A,T,T,G,A,G,A,C,T,G,A,G,A,A,C,A,T,A,T,T
1036,G,G,T,G,G,C,A,T,G,C,A,G,T,C,T,G,A,A,G,T,A,T,G,C
1037,G,C,G,C,T,G,G,A,A,C,A,T,A,N,T,A,A,T,T,C,C,C,G,A
1038,C,G,T,C,G,T,G,G,A,G,T,C,G,T,T,C,T,T,C,T,C,T,T,T
1039,T,A,C,T,T,C,C,G,T,T,G,G,T,T,A,C,A,A,A,G,A,G,C,T
1040,C,G,G,C,C,T,C,C,C,C,T,C,T,G,G,T,C,T,A,G,A,C,T,C
1041,T,A,C,G,G,G,C,G,A,A,A,G,G,G,C,C,A,G,A,C,T,T,C,G
1042,T,A,C,G,C,A,A,T,G,C,G,G,C,G,G,A,A,T,A,C,T,G,C,G
1043,C,T,C,G,A,A,G,A,C,T,T,A,C,C,G,T,C,T,C,T,G,A,C,T
1044,G,G,T,T,G,G,T,G,G,A,T,A,C,G,A,T,A,C,G,C,T,C,T,T
1045,A,G,A,A,A,A,C,C,C,A,C,T,C,C,G,C,T,A,T,C,G,A,T,A
1046,T,G,T,T,C,T,C,C,C,C,A,A,A,G,A,A,T,C,T,C,C,C,T,G
1047,G,C,G,T,C,A,A,C,G,T,A,C,T,G,T,A,A,C,G,A,G,A,T,C
1048,G,A,A,A,A,T,G,A,A,G,T,G,T,T,T,T,A,A,A,A,T,G,C,A
1049,A,C,T,T,A,A,A,G,T,A,A,T,T,C,T,T,G,T,T,T,nan,C,G,A
1050,T,G,G,C,C,G,T,G,G,T,C,G,T,G,C,C,G,C,C,A,nan,A,G,C
1051,G,G,G,T,T,G,C,T,G,A,G,G,A,A,T,A,C,G,G,C,nan,T,A,G
1052,C,C,T,A,C,G,G,T,G,C,T,T,T,A,T,A,A,G,G,G,nan,G,T,A
1053,A,A,T,A,G,C,A,G,C,A,C,T,A,T,T,T,A,C,T,A,nan,C,C,A
1054,C,C,C,T,G,A,T,A,G,G,A,T,T,T,T,C,T,C,A,G,nan,A,A,T
1055,G,A,A,A,A,T,A,G,C,C,T,A,C,G,T,G,C,A,G,C,nan,C,T,T
1056,A,C,G,G,G,A,C,A,A,T,C,A,T,C,T,T,G,A,C,T,nan,C,C,C
1057,G,A,A,A,T,A,G,C,A,C,A,T,C,A,T,T,C,A,T,C,nan,A,T,A
1058,C,T,T,T,A,C,G,C,G,G,G,T,G,T,G,C,G,A,G,A,nan,T,A,A
1059,C,T,G,G,T,T,A,G,G,G,G,T,T,C,A,T,C,T,C,A,nan,C,C,T
1060,C,A,A,A,G,G,C,A,G,G,G,A,G,T,A,T,C,C,C,A,nan,T,C,C
1061,T,C,A,C,T,G,C,G,A,G,C,A,C,G,G,T,G,G,T,A,nan,A,A,A
1062,C,T,A,T,G,G,G,A,T,A,A,T,G,T,T,G,A,C,T,G,nan,C,A,T
1063,G,G,A,C,G,A,A,A,G,T,A,T,G,A,A,T,A,G,T,G,nan,A,C,T
1064,C,T,G,C,T,C,A,C,T,A,G,G,A,G,A,C,C,T,T,T,nan,A,G,G
1065,G,A,G,G,G,G,T,C,T,C,G,A,A,C,T,G,G,G,A,G,nan,C,C,T
1066,C,T,A,T,C,C,A,G,G,G,A,T,G,G,C,C,A,A,T,T,nan,T,A,T
1067,C,G,G,T,A,T,A,C,A,C,T,A,C,A,T,C,A,G,C,A,nan,G,A,G
1068,G,T,A,C,T,C,C,T,C,A,T,G,A,C,C,C,C,A,C,A,nan,T,T,G
1069,G,G,C,T,A,G,T,C,A,G,A,A,C,C,A,C,G,G,C,C,nan,T,G,T
1070,G,A,G,A,T,G,A,T,T,G,T,A,G,A,A,A,G,G,G,G,nan,A,T,G
1071,T,C,G,G,C,T,G,C,C,T,A,T,C,C,C,A,G,A,A,T,nan,T,C,T
1072,G,T,T,T,T,C,A,C,G,C,G,T,A,C,C,A,C,T,T,C,nan,T,C,G
1073,T,C,C,T,T,A,G,C,T,A,T,G,G,T,T,A,A,A,T,A,nan,A,C,C
1074,G,G,A,C,T,C,A,A,G,G,A,T,G,G,T,G,G,A,G,T,nan,T,T,G
1075,A,G,C,C,A,C,G,G,G,C,A,T,G,A,T,A,C,A,C,T,nan,T,T,T
1076,T,A,G,A,C,C,A,C,T,C,T,C,A,A,A,G,C,G,T,C,nan,G,A,A
1077,C,C,G,G,T,G,T,G,C,G,A,G,T,G,T,G,A,T,T,G,nan,G,C,G
1078,T,A,C,T,T,T,T,G,C,T,A,A,C,A,A,T,C,G,T,C,nan,C,G,T
1079,A,A,T,A,G,G,G,C,G,C,G,T,T,A,G,A,A,G,A,C,nan,A,T,G
1080,T,G,T,C,T,T,A,A,T,G,C,A,T,T,G,G,A,A,A,A,nan,C,T,C
1081,T,G,G,G,A,C,T,T,A,A,C,G,G,T,A,C,A,C,G,T,nan,G,T,C
1082,T,C,A,T,A,G,A,G,T,T,C,C,C,C,T,C,G,G,G,C,nan,nan,A,A
